old_url,new_path
https://help.oxfordabstracts.com/knowledge,/
https://help.oxfordabstracts.com/knowledge/abstract-books,/06-programme-exports-reports/abstract-books
https://help.oxfordabstracts.com/knowledge/acceptance-types,/04-decisions/design-the-decision-form
https://help.oxfordabstracts.com/knowledge/accessing-reviews-from-previous-stages,/02-submissions/accessing-reviews-from-previous-stages
https://help.oxfordabstracts.com/knowledge/accessing-your-review,/12-for-submitters/accessing-your-reviews
https://help.oxfordabstracts.com/knowledge/account-administration-dashboard,/11-account-administration/account-administration-dashboard
https://help.oxfordabstracts.com/knowledge/adding-author-information-questions,/02-submissions/the-authors-and-affiliations-question
https://help.oxfordabstracts.com/knowledge/advanced-/-virtual-conference-program-colour-coding,/08-conference-platform/colour-coding-your-event
https://help.oxfordabstracts.com/knowledge/advanced-/-virtual-conference-program-controlling-access,/08-conference-platform/controlling-access-to-the-programme
https://help.oxfordabstracts.com/knowledge/advanced-/-virtual-conference-program-program-bookings,/08-conference-platform/session-bookings
https://help.oxfordabstracts.com/knowledge/advanced-/-virtual-program-chat-feature,/08-conference-platform/the-chat-feature
https://help.oxfordabstracts.com/knowledge/advanced-/-virtual-program-networking,/08-conference-platform/networking-for-attendees
https://help.oxfordabstracts.com/knowledge/advanced-/virtual-conference-program-allow-submitters-to-hide-abstract-from-program,/08-conference-platform/letting-submitters-hide-their-abstract-from-the-programme
https://help.oxfordabstracts.com/knowledge/advanced/-virtual-conference-program-user-comments,/08-conference-platform/comments-on-sessions-and-abstracts
https://help.oxfordabstracts.com/knowledge/allowing-committee-members-to-assign-reviews,/03-reviewing/assigning-and-unassigning-a-submission-to-a-reviewer
https://help.oxfordabstracts.com/knowledge/amending-deleting-and-copying-a-session,/08-conference-platform/amending-deleting-and-copying-a-session
https://help.oxfordabstracts.com/knowledge/amending-template-emails,/05-emails/editing-the-template-emails
https://help.oxfordabstracts.com/knowledge/an-overview-of-the-tables-function,/01-getting-started/working-with-tables
https://help.oxfordabstracts.com/knowledge/application-programming-interface-api,/10-integrations-api/application-programming-interface-api
https://help.oxfordabstracts.com/knowledge/assigning-and-unassigning-a-submission-to-a-reviewer,/03-reviewing/assigning-and-unassigning-a-submission-to-a-reviewer
https://help.oxfordabstracts.com/knowledge/assigning-program-codes,/08-conference-platform/assigning-program-codes
https://help.oxfordabstracts.com/knowledge/assigning-program-codes-in-the-decisions-table,/04-decisions/assigning-program-codes-in-the-decisions-table
https://help.oxfordabstracts.com/knowledge/assigning-reviews-to-reviewers-as-a-committee-member,/13-for-reviewers-committee/assigning-submissions-to-reviewers-as-a-committee-member
https://help.oxfordabstracts.com/knowledge/attaching-your-submission-to-a-symposium,/12-for-submitters/attaching-your-submission-to-a-symposium
https://help.oxfordabstracts.com/knowledge/branding-in-the-program,/08-conference-platform/professional-conference-branding
https://help.oxfordabstracts.com/knowledge/charging-a-fee-for-submission,/02-submissions/charging-a-fee-for-submission
https://help.oxfordabstracts.com/knowledge/close-symposium-submission-/-call-for-symposia,/09-add-ons/collecting-symposia
https://help.oxfordabstracts.com/knowledge/combined-word-count,/02-submissions/combined-word-count
https://help.oxfordabstracts.com/knowledge/completing-a-review,/13-for-reviewers-committee/completing-a-review
https://help.oxfordabstracts.com/knowledge/completing-a-symposium-review,/13-for-reviewers-committee/completing-a-symposium-review
https://help.oxfordabstracts.com/knowledge/controlling-what-the-reviewer-can-see,/03-reviewing/controlling-what-the-reviewer-can-see
https://help.oxfordabstracts.com/knowledge/creating-a-back-up-of-your-conference-data,/06-programme-exports-reports/creating-a-backup-of-your-conference-data
https://help.oxfordabstracts.com/knowledge/creating-a-session,/08-conference-platform/creating-a-session
https://help.oxfordabstracts.com/knowledge/creating-a-symposium-as-an-administrator,/09-add-ons/collecting-symposia
https://help.oxfordabstracts.com/knowledge/creating-an-account-with-oxford-abstracts,/01-getting-started/creating-an-account-with-oxford-abstracts-and-logging-in
https://help.oxfordabstracts.com/knowledge/creating-custom-emails,/05-emails/creating-custom-emails
https://help.oxfordabstracts.com/knowledge/creating-forms-to-be-answered-by-authors,/02-submissions/creating-questions-for-individual-authors-and-presenters
https://help.oxfordabstracts.com/knowledge/creating-multi-stage-submission-forms,/02-submissions/creating-multi-stage-submission-forms
https://help.oxfordabstracts.com/knowledge/delete-/-restore-or-withdraw-symposia,/09-add-ons/managing-symposia
https://help.oxfordabstracts.com/knowledge/deleting-/-restoring-or-withdrawing-a-submission,/02-submissions/deleting-restoring-or-withdrawing-a-submission
https://help.oxfordabstracts.com/knowledge/dependency-questions,/02-submissions/dependency-questions
https://help.oxfordabstracts.com/knowledge/dependency-questions-on-the-delegate-registration-form-2.0-2023-version,/07-delegate-registration/dependency-questions-on-the-delegate-registration-form
https://help.oxfordabstracts.com/knowledge/design-the-decision-form,/04-decisions/design-the-decision-form
https://help.oxfordabstracts.com/knowledge/designing-the-review-form,/03-reviewing/designing-the-review-form
https://help.oxfordabstracts.com/knowledge/designing-the-submission-form,/02-submissions/designing-the-submission-form
https://help.oxfordabstracts.com/knowledge/designing-the-symposia-review-form,/09-add-ons/designing-the-symposia-forms
https://help.oxfordabstracts.com/knowledge/designing-the-symposium-form-administrators,/09-add-ons/designing-the-symposia-forms
https://help.oxfordabstracts.com/knowledge/different-types-of-users-in-the-system,/01-getting-started/different-types-of-users-in-the-system
https://help.oxfordabstracts.com/knowledge/downloading-data-on-presenters-only,/06-programme-exports-reports/downloading-data-on-presenters-only
https://help.oxfordabstracts.com/knowledge/downloading-session-books,/06-programme-exports-reports/downloading-your-program-and-session-books
https://help.oxfordabstracts.com/knowledge/draft-creating-and-editing-sessions,/08-conference-platform/attaching-content-to-sessions
https://help.oxfordabstracts.com/knowledge/draft-submitters-inline-comments,/12-for-submitters/viewing-comments-left-by-reviewers
https://help.oxfordabstracts.com/knowledge/editing-a-review-or-completing-a-review-on-behalf-of-a-reviewer,/03-reviewing/editing-a-review-or-completing-a-review-on-behalf-of-a-reviewer
https://help.oxfordabstracts.com/knowledge/editing-a-submission,/12-for-submitters/editing-an-abstract-or-submission
https://help.oxfordabstracts.com/knowledge/editing-a-symposia-review-or-completing-a-review-on-behalf-of-a-reviewer,/09-add-ons/symposia-reviewing
https://help.oxfordabstracts.com/knowledge/editing-a-symposium,/12-for-submitters/editing-a-symposium
https://help.oxfordabstracts.com/knowledge/editing-a-symposium-1,/09-add-ons/managing-symposia
https://help.oxfordabstracts.com/knowledge/editing-a-users-submission,/02-submissions/editing-a-user-s-submission
https://help.oxfordabstracts.com/knowledge/editing-email-signature,/05-emails/creating-custom-emails
https://help.oxfordabstracts.com/knowledge/emailing-presenters-directly,/05-emails/emailing-presenters-and-authors-directly
https://help.oxfordabstracts.com/knowledge/emails-from-submission-table,/05-emails/sending-emails-from-tables
https://help.oxfordabstracts.com/knowledge/event-administrator-checklist,/01-getting-started/abstract-management-checklist
https://help.oxfordabstracts.com/knowledge/event-administrator-dashboard,/01-getting-started/event-dashboard
https://help.oxfordabstracts.com/knowledge/event-dashboard,/01-getting-started/event-dashboard
https://help.oxfordabstracts.com/knowledge/event-details,/01-getting-started/event-details
https://help.oxfordabstracts.com/knowledge/event-theme,/01-getting-started/event-theme
https://help.oxfordabstracts.com/knowledge/exploring-the-poster-gallery,/14-for-attendees-exhibitors/exploring-the-poster-gallery
https://help.oxfordabstracts.com/knowledge/exploring-the-virtual-conference,/14-for-attendees-exhibitors/exploring-the-conference-platform
https://help.oxfordabstracts.com/knowledge/export-table-data-to-excel,/06-programme-exports-reports/export-table-data-to-excel
https://help.oxfordabstracts.com/knowledge/faq-conference-program,/08-conference-platform/
https://help.oxfordabstracts.com/knowledge/faq-decisions,/04-decisions/
https://help.oxfordabstracts.com/knowledge/faq-delegate-registration,/07-delegate-registration/
https://help.oxfordabstracts.com/knowledge/faq-emails,/05-emails/
https://help.oxfordabstracts.com/knowledge/faq-getting-started,/01-getting-started/
https://help.oxfordabstracts.com/knowledge/faq-guidance-for-admins-dealing-with-end-user-issues,/01-getting-started/helping-your-submitters-reviewers-and-committee-with-problems
https://help.oxfordabstracts.com/knowledge/faq-multistage,/02-submissions/
https://help.oxfordabstracts.com/knowledge/faq-reports,/06-programme-exports-reports/
https://help.oxfordabstracts.com/knowledge/faq-reviewers,/13-for-reviewers-committee/completing-a-symposium-review
https://help.oxfordabstracts.com/knowledge/faq-reviews,/03-reviewing/
https://help.oxfordabstracts.com/knowledge/faq-submissions,/02-submissions/
https://help.oxfordabstracts.com/knowledge/filtered-committee-view-assigning-specific-categories-to-committee-members,/04-decisions/assigning-categories-to-committee-members
https://help.oxfordabstracts.com/knowledge/homepage-feature-for-virtual-conference,/08-conference-platform/setting-up-the-homepage-for-your-conference
https://help.oxfordabstracts.com/knowledge/how-admins-can-amend-existing-delegate-registration-orders,/07-delegate-registration/how-admins-can-amend-existing-delegate-registration-orders
https://help.oxfordabstracts.com/knowledge/how-an-attendee-can-delete-their-oxford-abstracts-account,/11-account-administration/deleting-your-oxford-abstracts-account
https://help.oxfordabstracts.com/knowledge/how-attendees-can-complete-the-registration-form-when-a-ticket-is-bought-on-their-behalf,/07-delegate-registration/completing-registration-when-someone-bought-your-ticket
https://help.oxfordabstracts.com/knowledge/how-attendees-can-download-the-programme-schedule,/14-for-attendees-exhibitors/how-attendees-can-download-event-schedules
https://help.oxfordabstracts.com/knowledge/how-do-i-contact-the-event-administrator,/14-for-attendees-exhibitors/how-do-i-contact-the-event-administrator
https://help.oxfordabstracts.com/knowledge/how-to-add-add-ons,/07-delegate-registration/adding-add-ons-to-an-existing-order
https://help.oxfordabstracts.com/knowledge/how-to-add-chairs-email-addresses,/06-programme-exports-reports/adding-chair-s-email-addresses
https://help.oxfordabstracts.com/knowledge/how-to-attach-a-submission-to-a-symposium-as-an-admin,/09-add-ons/collecting-symposia
https://help.oxfordabstracts.com/knowledge/how-to-bookmark-sessions-on-the-event-schedule,/08-conference-platform/bookmarking-sessions-on-the-event-schedule
https://help.oxfordabstracts.com/knowledge/how-to-bulk-upload-and-automatically-assign-files,/02-submissions/bulk-upload-and-automatically-assign-files
https://help.oxfordabstracts.com/knowledge/how-to-change-the-owner-of-a-submission,/02-submissions/changing-the-owner-of-a-submission
https://help.oxfordabstracts.com/knowledge/how-to-chase-up-late-reviews,/03-reviewing/chasing-up-late-reviews
https://help.oxfordabstracts.com/knowledge/how-to-configure-invoices-and-receipts-for-delegate-registration-2.0-2023-version,/07-delegate-registration/configuring-invoices-and-receipts-for-delegate-registration
https://help.oxfordabstracts.com/knowledge/how-to-create-a-certificate,/09-add-ons/creating-a-certificate
https://help.oxfordabstracts.com/knowledge/how-to-create-a-multi-language-submission-form,/02-submissions/creating-a-multi-language-submission-form
https://help.oxfordabstracts.com/knowledge/how-to-create-announcements-on-virtual-conference,/08-conference-platform/creating-announcements-on-conference
https://help.oxfordabstracts.com/knowledge/how-to-create-coupon-codes-for-delegate-registration,/07-delegate-registration/creating-coupon-codes-for-delegate-registration
https://help.oxfordabstracts.com/knowledge/how-to-create-the-reviewer-form-and-assign-reviewers,/03-reviewing/creating-the-reviewer-recruitment-form-and-assign-categories
https://help.oxfordabstracts.com/knowledge/how-to-create-your-delegate-registration-form,/07-delegate-registration/creating-your-delegate-registration-form
https://help.oxfordabstracts.com/knowledge/how-to-create-your-delegate-registration-tickets-for-your-event,/07-delegate-registration/creating-your-delegate-registration-tickets-for-your-event
https://help.oxfordabstracts.com/knowledge/how-to-create-your-event-website,/08-conference-platform/creating-your-event-website
https://help.oxfordabstracts.com/knowledge/how-to-download-invoices-and-receipts,/07-delegate-registration/downloading-invoices-and-receipts
https://help.oxfordabstracts.com/knowledge/how-to-edit-automated-emails-for-delegate-registration-2.0-2023-version,/07-delegate-registration/editing-automated-emails-for-delegate-registration
https://help.oxfordabstracts.com/knowledge/how-to-edit-your-delegate-registration-event-details-page,/07-delegate-registration/editing-your-delegate-registration-ticket-details-page
https://help.oxfordabstracts.com/knowledge/how-to-email-session-chairs-from-the-dashboard,/05-emails/emailing-session-chairs-from-the-dashboard
https://help.oxfordabstracts.com/knowledge/how-to-embed-the-online-programme-to-your-events-website,/06-programme-exports-reports/publishing-your-program
https://help.oxfordabstracts.com/knowledge/how-to-enable-and-disable-inline-comments-as-an-admin,/02-submissions/turning-inline-comments-on-and-off
https://help.oxfordabstracts.com/knowledge/how-to-include-a-submission-which-is-not-in-a-session-in-the-title-listing,/06-programme-exports-reports/adding-a-session-less-submission-to-the-title-listing
https://help.oxfordabstracts.com/knowledge/how-to-integrate-eventsair-to-oxford-abstracts,/10-integrations-api/integrating-eventsair-to-oxford-abstracts
https://help.oxfordabstracts.com/knowledge/how-to-integrate-oxford-abstracts-and-cvent,/10-integrations-api/integrating-oxford-abstracts-and-cvent
https://help.oxfordabstracts.com/knowledge/how-to-integrate-oxford-abstracts-and-idloom,/10-integrations-api/integrating-oxford-abstracts-and-idloom
https://help.oxfordabstracts.com/knowledge/how-to-integrate-oxford-abstracts-and-swapcard,/10-integrations-api/integrating-oxford-abstracts-and-swapcard
https://help.oxfordabstracts.com/knowledge/how-to-lock-and-change-the-timezone-for-your-virtual-conference,/06-programme-exports-reports/locking-and-change-the-timezone-for-your-conference
https://help.oxfordabstracts.com/knowledge/how-to-make-a-session-cross-two-columns-in-the-program-timetable,/08-conference-platform/making-a-session-cross-columns-in-the-program-timetable
https://help.oxfordabstracts.com/knowledge/how-to-manage-orders-on-the-attendee-table,/07-delegate-registration/managing-orders-and-edit-the-attendee-table
https://help.oxfordabstracts.com/knowledge/how-to-permanently-delete-your-event,/11-account-administration/permanently-delete-or-archive-your-event
https://help.oxfordabstracts.com/knowledge/how-to-preview-and-publish-your-event-registration,/07-delegate-registration/previewing-and-publish-your-event-registration
https://help.oxfordabstracts.com/knowledge/how-to-reassign-a-registration-email-address-on-delegate-registration-2.0-2023-version,/07-delegate-registration/changing-the-email-address-on-a-registration
https://help.oxfordabstracts.com/knowledge/how-to-refund-attendees-delegate-registration,/07-delegate-registration/refunding-an-attendee-through-delegate-registration
https://help.oxfordabstracts.com/knowledge/how-to-register-on-the-behalf-of-someone-else-2.0-2023-version,/07-delegate-registration/registering-on-the-behalf-of-someone-else
https://help.oxfordabstracts.com/knowledge/how-to-set-up-payment-providers-for-delegate-registration,/07-delegate-registration/setting-up-payment-providers-for-delegate-registration
https://help.oxfordabstracts.com/knowledge/how-to-test-accessibility-of-oxford-abstracts-web-pages-with-google-lighthouse,/01-getting-started/testing-the-accessibility-of-oxford-abstracts-web-pages
https://help.oxfordabstracts.com/knowledge/how-to-use-registration-analytics,/07-delegate-registration/using-registration-analytics
https://help.oxfordabstracts.com/knowledge/how-to-use-speaker-management,/08-conference-platform/using-speaker-management
https://help.oxfordabstracts.com/knowledge/how-to-use-submission-analytics,/02-submissions/using-submission-analytics
https://help.oxfordabstracts.com/knowledge/how-to-use-the-customer-portal,https://oxfordabstracts.com/resources/contact-support/
https://help.oxfordabstracts.com/knowledge/how-to-use-the-email-logs,/05-emails/using-the-email-sent-log
https://help.oxfordabstracts.com/knowledge/how-to-use-the-search-bars,/01-getting-started/using-the-search-bars
https://help.oxfordabstracts.com/knowledge/how-to-view-the-program-builder,/06-programme-exports-reports/viewing-the-mobile-version-of-the-program-builder
https://help.oxfordabstracts.com/knowledge/how-to-view-transactions-on-the-attendee-table,/07-delegate-registration/viewing-transactions-on-the-attendee-table
https://help.oxfordabstracts.com/knowledge/if-you-have-the-professional-conference-package-you-will-have-a-feature-that-allows-you-to-control-access-to-the-premium-features-of-the-platform,/06-programme-exports-reports/public-vs-full-access-programme
https://help.oxfordabstracts.com/knowledge/making-a-second/additional-submission,/12-for-submitters/making-a-second-additional-submission
https://help.oxfordabstracts.com/knowledge/making-a-submission,/12-for-submitters/making-a-submission
https://help.oxfordabstracts.com/knowledge/making-a-submission-on-behalf-of-someone-else,/02-submissions/making-a-submission-on-behalf-of-someone-else
https://help.oxfordabstracts.com/knowledge/making-decisions-on-submissions-as-a-committee-member,/13-for-reviewers-committee/viewing-and-making-decisions
https://help.oxfordabstracts.com/knowledge/manage-users,/01-getting-started/manage-users
https://help.oxfordabstracts.com/knowledge/managing-a-sequential-multi-stage-event-eg.-abstract-followed-by-full-paper,/02-submissions/running-a-sequential-multi-stage-event
https://help.oxfordabstracts.com/knowledge/managing-your-account,/11-account-administration/managing-your-account
https://help.oxfordabstracts.com/knowledge/moving-submissions-to-a-different-stage,/02-submissions/multi-stage-the-decision-stage
https://help.oxfordabstracts.com/knowledge/multi-stage-reviews,/02-submissions/multi-stage-reviews
https://help.oxfordabstracts.com/knowledge/notifying-reviewers-that-they-have-been-assigned-submissions-to-review,/03-reviewing/notifying-reviewers-that-they-have-been-assigned-submissions-to-review
https://help.oxfordabstracts.com/knowledge/notifying-reviewers-that-they-have-been-assigned-symposia-to-review,/09-add-ons/symposia-reviewing
https://help.oxfordabstracts.com/knowledge/notifying-submitters-of-their-outcomes,/04-decisions/notifying-submitters-of-their-outcomes
https://help.oxfordabstracts.com/knowledge/open-and-close-submissions-/-call-for-abstracts,/02-submissions/opening-and-closing-submissions-deadlines
https://help.oxfordabstracts.com/knowledge/opening-and-closing-decision-making,/04-decisions/opening-and-closing-decision-making
https://help.oxfordabstracts.com/knowledge/opening/-closing-reviewing,/03-reviewing/opening-and-closing-reviewing
https://help.oxfordabstracts.com/knowledge/opening/-closing-symposia-reviewing,/09-add-ons/symposia-reviewing
https://help.oxfordabstracts.com/knowledge/other-reports,/06-programme-exports-reports/other-reports
https://help.oxfordabstracts.com/knowledge/paying-for-your-event,/01-getting-started/creating-and-paying-for-a-new-event
https://help.oxfordabstracts.com/knowledge/paying-for-your-submission,/12-for-submitters/paying-for-your-submission
https://help.oxfordabstracts.com/knowledge/payment-error,/14-for-attendees-exhibitors/payment-error
https://help.oxfordabstracts.com/knowledge/picture-dimensions-for-upload,/01-getting-started/recommended-dimensions-for-picture-uploads
https://help.oxfordabstracts.com/knowledge/professional-conference-exhibitor-feature,/08-conference-platform/professional-conference-exhibitor-space-admin-set-up
https://help.oxfordabstracts.com/knowledge/professional-conference-exhibitor-feature-exhibitor-set-up,/14-for-attendees-exhibitors/exhibitor-space-setting-up-and-managing-your-booth
https://help.oxfordabstracts.com/knowledge/program-sessions-table,/06-programme-exports-reports/program-sessions-table
https://help.oxfordabstracts.com/knowledge/publishing-your-program,/06-programme-exports-reports/publishing-your-program
https://help.oxfordabstracts.com/knowledge/question-tags,/02-submissions/question-setting-tags
https://help.oxfordabstracts.com/knowledge/question-types-1,/02-submissions/submission-question-types
https://help.oxfordabstracts.com/knowledge/recording-a-decision-accepting/-rejecting/-withdrawing-a-submission,/04-decisions/recording-decisions-accept-reject-or-withdraw
https://help.oxfordabstracts.com/knowledge/registering-for-the-virtual-program,/14-for-attendees-exhibitors/setting-up-your-conference-program-account
https://help.oxfordabstracts.com/knowledge/restricting-who-can-submit-by-email,/02-submissions/restricting-who-can-submit-by-email
https://help.oxfordabstracts.com/knowledge/review-question-types,/03-reviewing/review-question-types
https://help.oxfordabstracts.com/knowledge/reviewers-leaving-inline-comments,/13-for-reviewers-committee/leaving-comments-on-submissions-you-review
https://help.oxfordabstracts.com/knowledge/setting-up-a-multi-stage-event,/02-submissions/setting-up-a-multi-stage-event
https://help.oxfordabstracts.com/knowledge/setting-up-symposia,/09-add-ons/symposia-overview-dashboard
https://help.oxfordabstracts.com/knowledge/setting-up-the-poster-gallery,/08-conference-platform/professional-conference-the-poster-gallery
https://help.oxfordabstracts.com/knowledge/setting-up-your-online-program-display,/08-conference-platform/setting-up-your-program-display
https://help.oxfordabstracts.com/knowledge/setting-up-your-online-program-timezones,/08-conference-platform/setting-up-your-program-timezones
https://help.oxfordabstracts.com/knowledge/setting-up-your-program-program-configuration,/08-conference-platform/setting-up-your-program-configuration
https://help.oxfordabstracts.com/knowledge/setting-up-your-zoom-integration-coming-soon,/08-conference-platform/setting-up-your-zoom-integration
https://help.oxfordabstracts.com/knowledge/show-reviews-to-submitters-1,/03-reviewing/showing-reviews-to-submitters
https://help.oxfordabstracts.com/knowledge/sponsorship,/08-conference-platform/professional-conference-sponsors
https://help.oxfordabstracts.com/knowledge/submit-a-symposium,/12-for-submitters/submit-a-symposium
https://help.oxfordabstracts.com/knowledge/symposia-assigning-reviews,/09-add-ons/symposia-reviewing
https://help.oxfordabstracts.com/knowledge/symposia-decisions-outcomes,/09-add-ons/symposia-decisions-emails
https://help.oxfordabstracts.com/knowledge/symposia-emails,/09-add-ons/symposia-decisions-emails
https://help.oxfordabstracts.com/knowledge/symposium-dashboard,/09-add-ons/symposia-overview-dashboard
https://help.oxfordabstracts.com/knowledge/text-editor-types,/02-submissions/text-editor-types
https://help.oxfordabstracts.com/knowledge/the-decisions-table,/04-decisions/the-decisions-table
https://help.oxfordabstracts.com/knowledge/the-essential-tools,/01-getting-started/the-essential-abstract-management-tools
https://help.oxfordabstracts.com/knowledge/the-review-tables,/03-reviewing/the-review-tables
https://help.oxfordabstracts.com/knowledge/the-submissions-table,/02-submissions/the-submissions-table-including-incomplete-submissions
https://help.oxfordabstracts.com/knowledge/the-symposia-table,/09-add-ons/managing-symposia
https://help.oxfordabstracts.com/knowledge/tips-on-designing-your-reviewing-form,/03-reviewing/tips-on-designing-your-reviewing-form
https://help.oxfordabstracts.com/knowledge/updating-your-profile,/01-getting-started/updating-your-profile
https://help.oxfordabstracts.com/knowledge/using-the-chat-feature,/14-for-attendees-exhibitors/using-the-chat-and-controlling-notifications
https://help.oxfordabstracts.com/knowledge/verify-sender-email-function,/05-emails/sending-emails-from-your-chosen-email-address
https://help.oxfordabstracts.com/knowledge/viewing-editing-and-sending-emails,/05-emails/sending-and-scheduling-emails
https://help.oxfordabstracts.com/knowledge/viewing-sessions-and-content,/14-for-attendees-exhibitors/viewing-sessions-and-content-in-the-conference-program
https://help.oxfordabstracts.com/knowledge/what-are-the-differences-between-the-free-package-and-paid-packages,/01-getting-started/what-are-the-differences-between-the-free-package-and-paid-packages
https://help.oxfordabstracts.com/knowledge/what-domains-will-emails-from-oxford-abstracts-originate-from,/05-emails/what-domains-will-emails-from-oxford-abstracts-originate-from
https://help.oxfordabstracts.com/knowledge/what-to-do-if-a-verification-email-hasnt-arrived-in-your-inbox,/01-getting-started/if-your-verification-email-hasn-t-arrived
https://help.oxfordabstracts.com/knowledge/what-to-do-when-you-have-a-network-failure-error-message,/01-getting-started/fixing-a-network-failure-error
https://help.oxfordabstracts.com/knowledge/which-zoom-package-do-i-need,/08-conference-platform/which-zoom-package-do-i-need
https://help.oxfordabstracts.com/knowledge/why-does-my-email-need-to-be-dkim-validated,/05-emails/why-does-my-email-need-to-be-dkim-validated
https://help.oxfordabstracts.com/knowledge/withdrawing-or-removing-your-submission-from-a-symposium,/12-for-submitters/withdrawing-or-removing-your-submission-from-a-symposium
https://help.oxfordabstracts.com/knowledge/word-and-character-count,/02-submissions/word-and-character-count
https://help.oxfordabstracts.com/knowledge/your-personal-dashboard,/01-getting-started/your-personal-dashboard
https://oa-kb-test.vercel.app/08-conference-platform/colour-coding-your-programme,/08-conference-platform/colour-coding-your-event
https://help.oxfordabstracts.com/knowledge/getting-started-and-creating-an-account,/01-getting-started
https://help.oxfordabstracts.com/knowledge/getting-started-with-your-event,/01-getting-started
https://help.oxfordabstracts.com/knowledge/introduction-to-the-oxford-abstracts-tools,/01-getting-started
https://help.oxfordabstracts.com/knowledge/the-submission-stage,/02-submissions
https://help.oxfordabstracts.com/knowledge/the-reviewing-stage,/03-reviewing
https://help.oxfordabstracts.com/knowledge/the-decision-stage,/04-decisions
https://help.oxfordabstracts.com/knowledge/emails,/05-emails
https://help.oxfordabstracts.com/knowledge/creating-exports-reports-and-abstract-books,/06-programme-exports-reports
https://help.oxfordabstracts.com/knowledge/delegate-registration,/07-delegate-registration
https://help.oxfordabstracts.com/knowledge/the-conference-platform,/08-conference-platform
https://help.oxfordabstracts.com/knowledge/symposia,/09-add-ons
https://help.oxfordabstracts.com/knowledge/multi-stage,/09-add-ons
https://help.oxfordabstracts.com/knowledge/integrations,/10-integrations-api
https://help.oxfordabstracts.com/knowledge/account-administrator-functions,/11-account-administration
https://help.oxfordabstracts.com/knowledge/guidance-for-reviewers,/13-for-reviewers-committee
https://help.oxfordabstracts.com/knowledge/attending-an-event,/14-for-attendees-exhibitors
https://help.oxfordabstracts.com/knowledge/faq,/
https://help.oxfordabstracts.com/knowledge/kb-search-results,/
