date,gap theme,subject,"ticket text (truncated, personal data removed)"
2025-01-07,Backups / archiving / data retention,retrieve an archived event,please can you help me find this event as we would like to duplicate it for March 2025.
2025-01-16,Backups / archiving / data retention,Missing archived events,"Hello, I wanted to check details in two archived events: be24 Behavioral Economics Conference, and mmi24 Macro, Money, and International Finance. I can't find them anywhere, but am sure that we haven't deleted them in purpose?"
2025-02-18,Backups / archiving / data retention,Archived data?,Do you happen to have in your archive any of the data about EPICOH 2011 in Oxford? You were a wonderful organisation then. We are trying to compile a record of our old conferences.
2025-03-26,Backups / archiving / data retention,submission archived,"hello, my submission results were archived, I was wanting to see the commentary again."
2025-03-27,Backups / archiving / data retention,Archive old event and create new,"Dear Oxford Abstract team, We used your system for a conference last August and were really happy with how everything worked. We'd now like to use Oxford Abstracts again for an upcoming conference. I still have the account and login details for the last event - how would we go about setting up a new event? Can I archive the old event and create a new one somewhere or would I have to create a compl"
2025-03-29,Backups / archiving / data retention,ITAA,"Last year, I submitted an abstract titled ""Exploring Global Market Access Challenges Faced by Entrepreneurial Artisans: A Case Study of Kenya."" Although it was not accepted, I would like to review the reviewer comments to address their feedback before revising and resubmitting. The submission appears to be archived. Please provide me with access so I can review the feedback. Thanks, Caroline Kobia"
2025-04-03,Backups / archiving / data retention,Periodical Backup of the Contents Oxford Abstracts,"Hello, We already paid for the Abstract Management software, which will officially go live tomorrow. As an administrator of the paper management system, I have one question. Is it possible to periodically back up the paper management system? The reason is to be able to restore the system if it is accidentally deleted. Thank you. Nanda DR. NANDA GANESAN Professor Department of Information Systems C"
2025-04-03,Backups / archiving / data retention,Periodical Backup of the Contents Oxford Abstracts,"Hello, We already paid for the Abstract Management software, which will officially go live tomorrow. As an administrator of the paper management system, I have one question. Is it possible to periodically back up the paper management system? The reason is to be able to restore the system if it is accidentally deleted. Thank you. Nanda DR. NANDA GANESAN Professor Department of Information Systems C"
2025-04-03,Backups / archiving / data retention,Periodical Backup of the Contents Oxford Abstracts,"Hello, We already paid for the Abstract Management software, which will officially go live tomorrow. As an administrator of the paper management system, I have one question. Is it possible to periodically back up the paper management system? The reason is to be able to restore the system if it is accidentally deleted. Thank you. Nanda DR. NANDA GANESAN Professor Department of Information Systems C"
2025-05-02,Backups / archiving / data retention,Broken URL link,"Hello, I am trying to submit my abstract for the ACHNE 2025 conference but the URL directs me to the login page and says ""event ACHNE 2024 is archived"". see attached screenshot and please advise. Thank you!"
2025-05-15,Backups / archiving / data retention,Added two fields to active submission form,"Hello, I needed to add two fields to my already active submission form today, which I successfully did. Prior to adding those fields, there were either 4 or 5 incomplete proposals submitted, with the remainder all showing as Complete. Post adding those two fields, all submissions are now showing as Incomplete. Is there a way of looking at a backup of the data from yesterday, to detemrine which sub"
2025-06-17,Backups / archiving / data retention,Invoice,Requesting the Invoice for 2024 DCOP that was paid for please. It is archived so cannot assess it. Thank you
2025-07-24,Backups / archiving / data retention,Need Access,"Hello, I logged into oxford abstracts and both of my events were archived. I need access to my 2025 abstracts as the conference is tomorrow and we use this data for judges and presenters. Please provide access again ASAP"
2025-08-05,Backups / archiving / data retention,Needing a better sponsor display function on the conference homepage,"Hello, We have been brainstorming solutions to give the event sponsors better visibility on the conference homepage in a way that doesnt render it unusable on mobile or smaller screens. Last year, we had added the sponsors as images under the page links on the left sidebar menu, but I imagine it got little visibility as people don't tend to scroll down a sidebar. We also displayed a pdf of all the"
2025-08-11,Backups / archiving / data retention,WORK: adding a vimeo live stream video window,"Hello, The WORK conference is approaching and we are live streaming the Keynote talks. Our technical team uses Vimeo for video platform. To test this in advance, I'm trying to embed a video window to the conference programme (as we did in the WORK2023, now an archived event). I have created a test session (the last session in the online programme) and I have tried to embed the test video there to "
2025-08-11,Backups / archiving / data retention,Error with published programme link,"Hello, We have used the Published Programme link (https://virtual.oxfordabstracts.com/event/73433/titles) and linked it to our event app (Swapcard) to allow the app users to search through abstracts. However, when Android users access the link, they are unable to scroll back up once they have scrolled down through the abstracts, please see video attached. The issue does not happen on iPhone. Could"
2025-09-25,Backups / archiving / data retention,Live program is down and Event Administrator Login won't work,"Hi, Our conference program link to TASA 2025 which is https://virtual.oxfordabstracts.com/event/74508/program) is currently not loading Instead we are getting the following message, "" Error The event failed to load"" And when i try to login to our event using [email] ( which is the event administor for this event) the system is telling me a Status code 500. I really need this site back up ASAP. Can"
2025-11-05,Backups / archiving / data retention,Abstract coauthor signature,cannot find way to sign ASNR 26 submitted abstract. Link takes me only to archived ASNR 25 event.
2025-11-05,Backups / archiving / data retention,Unable to provide author information for 2026 ASNR abstract submission,"Each time I follow the link and login to Oxford Abstracts, I am getting an error that the 2026 ASNR has been archived. Can you provide me with the solution? Thank you,"
2025-11-05,Backups / archiving / data retention,"Error Message in Accessing ""Author information required"" Link","To whom this may concern, I have received an invitation to fill out additional information as an author for an ASNR submission, but receive an Event Archived error message when trying to access via the provided link in the email. I would appreciate any guidance in how to access this information, as I cannot via my Dashboard either. Take care, Jakob von Morgenland"
2025-11-06,Backups / archiving / data retention,Even Archived - Cannot Fill Out Author Info,"Hello, I was a co-author on an abstract recently submitted for the American Society of Neuroradiology. I received an email to log in and fill out required author information - however, when I try to log in, I receive an error message that the ""event has been archived by an administrator"" and to contact Oxford Abstracts support for more information. Please unlock my account so I can fill out the re"
2025-11-13,Backups / archiving / data retention,Stripe account for our site is inaccessible,"Our owner/super admin account for our OA stripe is inactive and we are not able to login to it. The emergency backup code we have is not working, and we are not able to authenticate with photo ID because it is setup for a generic account ([email]). We were told to contact you because this is an OA account. I would like to have Jamie Wilson designated as the super admin."
2025-11-25,Backups / archiving / data retention,ASGBI 2021,"Hi, I would like to get the full programme for ASGBI 2021. As I presented there 2 posters and 1 talking poster. The site showing it is Archived. Is it possible to get it? thanks"
2025-12-02,Backups / archiving / data retention,archived events,"Hi, I'm trying to access my past events and can't. Would you kindly assist? Thanks!"
2025-12-15,Backups / archiving / data retention,Lessons and Legacies Submission,"I have submitted a panel for the 2026 Lessons and Legacies Conference twice by mistake. The title of the panel is ""Hidden Archives I. Fragmented and Contested Memories "" I believe that the panels were listed as 50 and 51. There was a small typo on 50, which I have now fixed, so 51 can be deleted. However, I have also not received a confirmation of my panel submission."
2026-01-30,Backups / archiving / data retention,Cannot submit an abstract for HPAI 2026,2025 event loading on my dashboard which is archived. No option to add an abstract for 2026
2026-02-05,Backups / archiving / data retention,Abstract submission,"I started submission of my abstract and then went back and instead of saving and letting me continue latter, it says now that it is ARCHIVED and to contact"
2026-02-12,Backups / archiving / data retention,Archived content,I am looking to create a new event and I see that the content for the previous event I worked on is archived. Is there any way to access it again? I would like to look at setting etc to create the new event.
2026-02-13,Backups / archiving / data retention,"Dashboard Empty, Cannot See Archived Events","Hi! I logged back in to Oxford after a while, and my dashboard page is now blank and I can only see one Archived event, when I should be able to see all the MPS events. Could you help me with this? Thank you!"
2026-02-18,Backups / archiving / data retention,NA,"i wish to delete my account but cannot as it says account connected to an event, however this event is in the past and archived."
2026-05-14,Backups / archiving / data retention,cargar archivo,no puedo cargar archivo
2026-05-28,Backups / archiving / data retention,Accessing prior account for APBS,"I have taken over the event planning for the Association for Positive Behavior Support (APBS) and I am a current board member. We used Oxford Abstracts in the past (2024 conference) but I don't believe we used Oxford for our 2025 or 2026 conference, we are thinking about using Oxford for our next call for proposals. Is it possible to see if you have archived information that we could replicate if "
2026-05-30,"Backups / archiving / data retention, Downloading submissions as files",latinsotl 2025,"Here is the final version in English, incorporating the compliments about the platform, the confirmed renewal for 2026, and explicitly stating that the issue is with downloading the 2025 proceedings (Abstract Books). Subject: Support Request: Include Author Emails in 2025 Abstract Books and Individual File Exports Message: Dear Oxford Abstracts Support Team, I hope this message finds you well. I a"
2025-01-07,Downloading submissions as files,Downloading Abstracts as Individual Files not working,"I am trying to download ""Accepted abstracts as individual files"" as PDF but the building export continues to spin at 20.76% and won't move past that. I have stopped and started it a few times. (see the screen shot I attached)"
2025-02-25,Downloading submissions as files,Trying to download all abstracts as pdf files,"I am trying to download the Abstracts stage - all abstracts as individual files. I can do it in word but not as a pdf. It says Export Failed - often after 11.5%, I have been trying since Friday."
2025-02-26,Downloading submissions as files,Cannot download all Abstracts as Individual PDFs,"I would like to download all of the uploaded files for the submission as a SUBMISSIONID.pdf format. Is there any way to do that? I tried to download all accepted submission as a pdf button and it gave me an error every time: ""Export Failed""."
2025-03-17,Downloading submissions as files,File will not download,"Hello, I am trying to download the all abstracts as individual files PDF. My computer keeps freezing at 11% of the export, and I had my colleague download this information and she ran into the same issue - freezing at 11.15%."
2025-03-19,Downloading submissions as files,Download of individual abstracts,"Dear Sir/Madam, Greetings. We are not able to download the abstracts as individual files. It remains stuck at 11.00%. We have been trying since yesterday but in vain. Looking forward to reading from you soon. Kind regards, Lydia"
2025-04-23,Downloading submissions as files,Download of all abstract files,Is there a way of downloading all abstract files at a time ? Or do we have to download them one by one (which is quite fastidious)? Many thanks in advance for your help. Best regards Nathalie
2025-04-30,Downloading submissions as files,Issue with abstract with image exported as individual file,"Hi. I am testing the submission with image in the text field. When exporting all abstracts as individual files in Word format (DOCX), the image is displayed in a very small size and very low quality. Example: Submission ID 4 https://app.oxfordabstracts.com/events/74964/submissions/1063150/abstract-book-view When exported to PDF, it looks as submitted and with good quality, so the issue is with Wor"
2025-06-13,Downloading submissions as files,Download the Abstract Content,"Hello, is there a way to download the Abstract content? I refer to the narrative of each submission. What I need is to put together all 'accepted' abstract. I've attached an example"
2025-09-04,Downloading submissions as files,Bulk Download attached files as part of all submissions,"I have two related questions. As part of our submission process the author attaches a file which is their draft paper. 1. Is there a way as the administrator to download all attachments in bulk? I see there is a way to download all submissions as individual PDFs, but it does not give me the attachments. 1. Reviewers have asked to download all of their assigned submissions so they can review their "
2025-09-23,Downloading submissions as files,I need indivdual submitted abstracts with no name on files,"Hi, Can you please send me all submitted abstracts as individual files with no names for some blind peer review and programming tasks. I see no option to create such a download with no names. It could also be in one file."
2025-11-05,Downloading submissions as files,Abstract book download sometimes missing keywords.,"Hello, when we download our abstracts from the reports and downloads menu, it is sometimes missing the keyword field. (Yes, we have checked that there are abstracts that have filled out the optional keyword field but it still did not appear in the book). Would it be possible to do one of the following - investigate how to get the keyword field to consistently show up OR - tell us how to bulk downl"
2026-01-08,Downloading submissions as files,Export figures,How can abstracts with pictures (figures) be exported in the free version? The zipped individual files download only contain the symbol but not the picture.
2026-01-26,Downloading submissions as files,Download all submissions (all content),"I cannot find the way to download all responses, only abstracts as pdf or only supporting materials, and on the excel, only author data. Please advise asap!"
2026-03-09,Downloading submissions as files,Download .zip not working,"When I choose the 'download filtered responses' option under the Submissions / Table / Slide Submissions tab, for example for [phone] it just sits and gets stuck in a loop. It was working yesterday 08 March. It only seems to work now when downloading individual files, which is time-consuming, Thanks, Paul"
2026-05-08,Downloading submissions as files,GraphQL usage to download all submissions,"Hi, I am creating a tool that takes an event-id and api-token to download all submissions in their PDF format to prepare an upload file to CEUR. I am struggling a bit with your GraphQL api, where I am seeing differences in responses between using the https://graphql-docs.oxfordabstracts.com/ and accessing the data from Java. I get the right response when using the explorer, but the same query usin"
2026-06-11,Downloading submissions as files,SCTS Abstracts,Hi I am trying to pull a report of all accepted abstracts in one book altogether rather than individual files? Is this possible?
2025-01-22,Email address change / merging accounts,Can't change email.,"My account is setup as [email] However, i have now left this institution. I have tried to change the email address following your instructions, however, every time I try to do so your interface tells me ""failed to save"". The correct email is [email]"
2025-02-24,Email address change / merging accounts,change the contact email address,I need to change the contact email address on two abstracts that have been submitted. Someone submitted them on behalf of someone else but they are unable to log in and change the email address also.
2025-02-28,Email address change / merging accounts,Cannot change email,"I cannot change my email address. It says ""Email failed to save."" I have tried with multiple browsers with blockers turned off, but it still has not worked."
2025-03-17,Email address change / merging accounts,Change of Email Address,"Unfortunately, the private email address that is linked to my Oxford Abstract account has been hecked and deleted without my permission. Against this background, I cannot access the emails that were sent to [email] I intended to change the email address to my professional email ([email]), but that immediately failed. As I require access to the emails sent with regard to the ICON-S conference, I wo"
2025-04-23,Email address change / merging accounts,Change Email,"Hello, I need to change my email address from [email] to [email] and understand it can be done through the profile. I do not know my password and can not reset due to the resetting instructions being sent to the email that I no longer have access to. Would you be able to assist to reset a password"
2025-04-30,Email address change / merging accounts,changing email address,"Hello, my old institutional email address will be expiring tomorrow and I need to update my email address. I tried to do it myself but it kept saying ""failed to save new email"". How can I change my email address for my administrator profile?"
2025-05-08,Email address change / merging accounts,Changing Email Address,"Hello, When attempting to change my email associated with my Oxford Abstracts account, a red error message pops up simply saying, ""failed to change email address."" I am trying to make my account associated with my personal email to be reassigned to my work email and have been getting this error for multiple weeks now. Any guidance would be appreciated. Spencer Barrett"
2025-05-19,Email address change / merging accounts,Email address,I need to change my email address from [email] to [email] so I can complete registration for the event.
2025-06-26,Email address change / merging accounts,Reviewer wants to change email address without losing reviews,"Hello, One of our abstract reviewers has completed their reviews under a different email address ([email]) although the initial review request went to [email] Are we able to rectify this without losing the reviews that they have already completed? Many thanks, Hannah"
2025-07-14,Email address change / merging accounts,remove account from this event,I have a duplicate account in this event. Please remove the account with email [email] from this event. Thank you.
2025-08-21,Email address change / merging accounts,Duplicate user account with different email addresses,"Hi, I submitted an abstract to the PCCS Belfast 2025 website using my personal email address ""[email]"". The abstract has been accepted & it is registered on the Oxford Abstracts website with the above email address. My organisation submitted my conference registration using my work email address ""[email]"". Now I have two accounts on the Oxford Abstracts website: one with the conference registratio"
2025-08-25,Email address change / merging accounts,Changing e-mail address (urgent),"Hello, I have been attempting to change my e-mail address, but I keep getting a message stating 'failed to save e-mail'. Can you assist me with this? Thank you!"
2025-10-10,Email address change / merging accounts,Duplicate Accounts/Submission,"Hello, Can you please delete my [email] account OR merge it with my new account: [email] I no longer work at the University of Michigan, and I no longer have access to my [email] inbox. I also just accidentally used the [email] account to submit a proposal for the AECT 2026 Online conference (Submission #174). Can you please delete it, as I submitted the same proposal using my correct account ([em"
2025-10-25,Email address change / merging accounts,account merg,I created two accounts by mistake. Would it be possible to merge the two accounts? My other account is registered with email [email] I want that one to be my account. Please advise. Thank you. Shin Miyata
2026-02-27,Email address change / merging accounts,Typo in new email,"Hallo. I wanted to change my email address for my account from [email] to [email] Unfortunately, the new email address I inserted had a typo. [email] The letter n after the word evidence. I therefore have not received the verification email, and the old email address is not recognised by the system. I seek support so I can start the process again with the new, correct email address. Thanks"
2026-02-27,Email address change / merging accounts,Change email address,"Dear, I have changed universities and I need to log in with my new email address ([email]). When I try to do so it says I already have an account (although when I try to log in it says (this email is not associated with an Oxford Abstracts account). Could you please transfer my registration for EPSS 2026 to the new email address? Order reference: E2BE1"
2026-04-01,Email address change / merging accounts,Request for assist to change an abstract author's email address,Request for assistance to change email address for one of the submitted abstracts: Abstract author Miss Huixiang LAI (email: [email]) for submission 121: Digital Pulmonary Rehabilitation requesting that all emails go to co author (4th author) Ms Shouzhen CHENG: [email]
2026-05-01,Email address change / merging accounts,change email address,"Hello! I tried to change the email address associated with my account, but I got an error saying that ""Failed to save email. A user already exists with that email address"". But this couldn't be possible, because when I try to log in with that email address, it says that there is no user associated with it. Can you please change the email address of my account to: [email] Thank you."
2026-05-12,Email address change / merging accounts,"Blocked email, lost password","My account is using an email I no longer have access to, and apparently I do not have the latest password I used to purchase for a conference. So I cannot reset my password and I cannot change my email address. I havent been getting notifications from the conference I'm going to, the recently forwarded me the info. Can you please help me? The account is tied to the email address: [email]"
2026-06-04,Email address change / merging accounts,Merge Accounts,I am trying to merge my account that is [email] with my current account that is [email]
2025-07-24,"Email address change / merging accounts, Backups / archiving / data retention",Accessing Archived Event,"I had an event for a different client in 2021 that we used Oxford for. One of the speakers has passed away and a colleague is asking if I have access to his video presentation from the IS3NA Virtual Symposium that year - Prof. Olgilvie. I got logged into the old account, but I can't see the event itself - it says it was archived by the administrator (see attachment) - but I'm confused because I wa"
2025-01-12,"Email address change / merging accounts, Wrong or duplicate account used",Cannot change email address of a reviewer,"One of reviewers of the event would like to change his email address because his current email address will be unaccessible by March 2025. He tried to change the email address following the instruction. However, he encountered the message ""Failed to save email"" and could not change the email address. Would you change the address [email] to [email] on his behalf? Creating another account with [emai"
2025-09-30,"Email address change / merging accounts, Wrong or duplicate account used",Request to Merge Oxford Abstracts Accounts,"Hello, My name is Maria Adelaida Martinez, and I currently have two accounts on Oxford Abstracts. I would like to merge them because the email associated with one of the accounts, [email] , is no longer active, as I have graduated and am no longer a student. I would like both accounts to be merged under my current email, [email] , which I use as an Assistant Professor at Bentley University. I crea"
2025-01-06,Emails not delivered / bounced / spam,Certificate,"I was not able to login , when I requested for a password reset I was not receiving the link through email , I contacted through calling the PCICU and sending emails , but unfortunately, no reply"
2025-01-13,Emails not delivered / bounced / spam,Sent email,"I have 1 notification under 'sent logs'. I am guessing this is to highlight the email that bounced? If so, how do I delete or clear this notification?"
2025-01-14,Emails not delivered / bounced / spam,Registration - Urgent,"Hello, we launched our registration and ticket sales and there seems to be an issue between the 'Buy Tickets' interface and logging into OA. It is not possible to progress with the sales as you are bounced back from page to page. We have launched registration and have received a lot of emails from participants. Please provide support as soon as possible."
2025-01-31,Emails not delivered / bounced / spam,email issue,Cheshire Hardcastle has tried to update her profile email from [email] to [email] She gets an error from the website. Cheshire doesn't have access to the [email] any more. Per the screenshot I have attached you will see that any emails sent to the [email] email bounced. Could you please update her email to [email]
2025-01-31,Emails not delivered / bounced / spam,Verification Email,I did not receive the verification email once I´ve created my account. I can´t submit an abstract
2025-02-17,Emails not delivered / bounced / spam,Unable to verify email address,"My institute email, [email], is unable to be verified. I do not receive the email to confirm my email address. I have added oxford abstracts as a trusted email source but still have not received the email. I have confirmed with my institute that the error does not appear to be from my institute's side. Could you kindly help confirm my email, thank you."
2025-03-04,Emails not delivered / bounced / spam,Email bounce,I am receiving an email bounce for one of our abstract submitters - [email] She has verified that the email address is correct so I am trying to figure out if there are any logs that would show me why it is bouncing? Thanks Andy
2025-04-23,Emails not delivered / bounced / spam,AM2025 Conference Paper Decision,"I am the presenting author for the paper mentioned below (ID 417). My co-author has received the acceptance email;however, I have not received any communication, and I am also unable to access it through the login portal. I would greatly appreciate your quick reply. Thank you. Best regards, Dr. Shiksha Kushwah"
2025-07-08,Emails not delivered / bounced / spam,acceptance email not sent,"Could you please help us, we sent acceptance emails to submitters, but one of the submitters didn't receive the email ""[email]"". we did send another email today, but can't find it in the logs Thank you for your help. Best regards"
2025-07-23,Emails not delivered / bounced / spam,Bounced emails,"Hi. My sent logs show 2 email addresses that bounced: [email] [email] How is that possible, given that they need to confirm the email (by clicking on a link sent to the address) before submitting an abstract? Thank you."
2025-07-25,Emails not delivered / bounced / spam,Email not registering,"Hi, I'm trying to sign up here: https://auth.oxfordabstracts.com/?redirect=/stages/77660/submitter but I am not receiving the email to confirm my account. I added [email] as a contact in my outlook email. Can you help me with creating an account or sending me the email?"
2025-09-05,Emails not delivered / bounced / spam,Received a Bounce - Can I update the email?,"Hi, I received a bounce back from an email. Can I update the email address in the system?"
2025-10-03,Emails not delivered / bounced / spam,Email Issues - ICMB,"Good afternoon, I have encountered 2 issues related to the email system inside the Oxford System 1. when I am emailing registered participants throught the registration tab and use a previously prepared template I cant see any preview of my email. When I click on ""Preview emails"" I get the following error ""Error parsing body"" and dont see any preview 2. We have a registered person who even when I "
2025-12-05,Emails not delivered / bounced / spam,Decision Emails Not Sent?,"Hello - I thought I sent all of the decision emails for my event earlier today, but don't see any of them in the email log. Can you confirm teh status of these emails? I don't want to send again if they have in fact sent, but aren't showing up that way in teh portal."
2025-12-05,Emails not delivered / bounced / spam,reviewer emails not sending,I have programmed test reviewers and but the emails are not arriving to our inboxes
2025-12-07,Emails not delivered / bounced / spam,emails not sending,"HI: Emails we are sending through oxford are not delivering. we are having the same issue with another oxford account we have as well. they are not in the logs, the test emails are not received etc.....Trying to send out some reviewer notices ."
2026-01-22,Emails not delivered / bounced / spam,Verification email never received,"Hello, I am trying to create an account using my institution email ([email]). But I did not receive the verification email. I added [email] to my safe senders list, still have not received it yet. Could you send the verification email? Thanks, Lindsay"
2026-03-11,Emails not delivered / bounced / spam,Adding new event admin,"I am trying to add my new colleague, Loic Beuzit, to be an event admin, but he is not receiving the link to his emails. I have tried resending the invitation and he has also tried to login and select 'forgotten password'. but he then doesn't receive the reset link."
2026-04-27,Emails not delivered / bounced / spam,I want to change my login email,"Dear Oxford Abstracts team. My email registered is [email], however, I'm not receiving the verification email. Can you help me to change the email to [email] or [email]"
2026-05-01,Emails not delivered / bounced / spam,Email domain not being accepted,"Some of our reviewers and submitters are not receiving emails, and they don't show up in the OA log either. I've just tried sending a custom message to a particular reviewer and it is not logged. The email is [email] - but others from @ipk-gatersleben.de have confirmed the same behaviour."
2026-05-05,Emails not delivered / bounced / spam,Can't verify my email for TECO abstract submission,"I can't verify my email, because I do not receive an email from OA system"
2026-05-29,Emails not delivered / bounced / spam,email change,"Hello, I registered using [email] However, this email is no longer working. Now I changed my email to [email] Can you please re-send the notification for MAPS abstract notification? I did not receive the notification in my gmail because it is no longer working. I think the notification you sent was bounced back. (MAPS Scientific Meeting 2026)"
2026-06-08,Emails not delivered / bounced / spam,Email Log - Pending,I have resent notifications to all of the presenters who have not responded and now all of my email are pending and have not sent.
2026-06-11,Emails not delivered / bounced / spam,BOUNCED: All of a sudden my registered email address does not receive test messages anymor,"Dear support team, All of a sudden my registered email address ([email]) does not receive test messages sent by [email] anymore! Before, it all worked fine. It says: SPAM NOTIFICATION. But my own IT support says he needs more information like a deamon announcement or sth similar. Can you please help me, because it is a bit urgent since we are in the hot phase of your event. Many thanks and kind re"
2026-06-17,Emails not delivered / bounced / spam,Emails not going through,"Many people have reported that they are not receiving the emails we are sending via the OA system. They habve checked their Spam folders and filters, and the emails are not there. We have tried several things and nothing seems to work. On further investigation, >400 of our registered participants have not opened any email we have sent them. There is clearly something wrong with the OA emails being"
2026-06-23,Emails not delivered / bounced / spam,Issue with updating email,"I am trying to updating my email account as a submitter from [email] to [email], because I will no longer be at Northwestern University after Friday, June 26, 2026. When I try to log back in as [email], I am prompted to confirm the email, but I am not receiving any confirmation email at either [email] or even the previous email [email] Please advise."
2025-01-13,File / figure / PDF upload failures,Speaker affiliation fields,"Hi there, I want to allow submitters to send in speaker info with more than one affiliation and a job title connected to that affiliation. I figured that would be easiest to do by editing one of the other affiliation fields that I am not using. However, if I use the ""city label"" for that purpose, the city part of it still appears in the error message - it still says ""requires a city"" if that field"
2025-01-15,File / figure / PDF upload failures,Unsure how to enable poster gallery,"Hello OA. I am having a hard time enabling the poster gallery on our event site. I have added the poster upload question to our submission form, and added all of our posters to the gallery under the decisions table, but the ""Poster Gallery"" is still not appearing in our virtual meeting menu. Can you please assist? Many thanks, Tandy"
2025-01-16,File / figure / PDF upload failures,Inquiry Regarding MP4 File Uploads on Oxford Abstract,"Dear Oxford Abstract Team, We are planning to use Oxford Abstract for our upcoming conferences, but I have a question before we initiate the process. Could you please confirm whether submitters are able to upload MP4 recordings, particularly as our files generally range from 150-300 MB in size? Specifically, I would like to know the maximum size limit for MP4 files that can be uploaded onto Oxford"
2025-01-27,File / figure / PDF upload failures,I can't download photos from author profiles in a useable format,"In the author profile, the authors upload a photo, which oxford abstract has a button to download them. But when I do this, the file isn't downloaded in any standard format, and also is cropped in the circle format in very low resolution. Can I download the original image they uploaded?"
2025-01-28,File / figure / PDF upload failures,Trouble changing notification email,"I tried changing the notification email address for my conference but encountered some issues. I got the verification email and was asked to set up a password. I used the same password that I use for my account. I got a message that said, ""This email is not associated with an Oxford Abstracts account"" (see attachment). I thought that maybe I need to change the email associated with my account for "
2025-02-10,File / figure / PDF upload failures,Abstract submitter having trouble at log in,I will upload the email he sent us requesting assistance.
2025-02-17,File / figure / PDF upload failures,unable to download paper for review,"I am unable to download one of the submissions for review. When I click on paper 119. Building Health across Generations: Childbirth, Childcare and Maternal Health I receive an ""error 500"". I have attached a screenshot of the error message."
2025-02-18,File / figure / PDF upload failures,unable to submit an abstract,"I've created my account and I'm signed in, unable to upload my abstract as dashboard doesn't appear. pls help"
2025-02-21,File / figure / PDF upload failures,Download High-Quality Photos,"Dear Oxford Abstracts support, I am needing to download all of the headshots/profile photos uploaded by our proposers. When I edit an individual's proposal and click ""Download Uploaded Image"" beneath each person's picture, the file that results is a very small PNG (c. 100-150 KB) cropped in a circle. Could you point me towards how to download, ideally in bulk, the original, uncropped images at ori"
2025-02-26,File / figure / PDF upload failures,submit a poster,"Our initial stage is complete. Now, I want to have accepted submitters upload a poster to their existing profile - so that we can display the abstract and the poster on the website. Do I add a new question/field for a poster upload and hide all others? Or is this done as a multi-stage? The multi-stage seems to ask new questions versus bringing the submitter back into their original profile."
2025-03-04,File / figure / PDF upload failures,I don’t see an option to upload my poster,I was supposed to upload my poster using this link but when I log in I don’t see an option to upload my poster.
2025-03-17,File / figure / PDF upload failures,Unable to verify my email link does not work,"I cant verify my email. I receive the link for verification but the link does not take to any website. I have tried different browsers and it is the same. Then, as I have not confirmed my email, I can t access your site to upload an abstract. This is time sensitive, please reach out to me. This is my second request"
2025-03-24,File / figure / PDF upload failures,error when creating registration,"Hello - I'm testing the event and when trying to register I receive an error message - see uploaded file. Lat night when I tried to register the error message appeared on the credit card screen in the box where I would enter the credit card number, ""error registering user for payment"". Not sure what is happening here, we do have the event linked up to receive payments. Thanks for your help."
2025-03-24,File / figure / PDF upload failures,Unable to login,"When I try to enter my email and log in to Oxford Abstracts, I get a red message below my entered email address saying "" There was a problem making the request: request failed"". This message always appears after I type in my email. I am unable to press the ""sign in"" button. I was having this issue on my macbook laptop earlier this month (when I was trying to make an account), so I used a Microsoft"
2025-03-26,File / figure / PDF upload failures,Issue with Abstract Submission for American Peptide Symposium,"Dear Sir or Madam, I am writing regarding an issue I am experiencing with my abstract submission for the American Peptide Symposium. When attempting to submit my abstract, I encountered an error that is preventing me from completing the submission process. The screenshot of the specific error message is uploaded. I would greatly appreciate your guidance on how to resolve this issue so that I can s"
2025-05-13,File / figure / PDF upload failures,The submission form for the event could not be loaded,"I get an error message when I open the ""submission form link"" on the events webpage. I have uploaded a screenshot of the error message. Thank you."
2025-05-29,File / figure / PDF upload failures,Experiential Learning in Action: Teaching Kolb’s Theory Through Origami in Asynchronous,I have signed into my account ([email]) and cannot view reviews. The attached is a screenshot of the only information I can access.
2025-06-16,File / figure / PDF upload failures,Can't login to the virtual programme,I have registered to attend the meeting virtually and did all the initial procedure to join virtually but unable to login the meeting. I have attached the error screenshot.
2025-06-27,File / figure / PDF upload failures,links for member/SIG-initiated symposia submission not working (different from the Abstrac,"The hyperlinks embedded in the portion of the member invitation for symposia submission do not work (return a 404). For your convenience, the member/SIG-initiated submission form can be accessed here. Proposals must be submitted through this form and must follow the format and instructions provided. The deadline for submission is June 30, 2025, at 11:59 PM PT. Due to an earlier planning timeline r"
2025-07-02,File / figure / PDF upload failures,View Event Not Working,"When attempting to access the AEC 2026 event, the ""VIEW"" button (https://admin.oxfordabstracts.com/events/74889/app/) does not load. It has been two days now in which I receive a blank white page with a frozen loading circle that never loads (please see file upload). Thank you so much for your help. Ashley"
2025-07-07,File / figure / PDF upload failures,Unable to upload/paste graph into abstract submission form,Unable to paste graph into BSR case based conference abstract submission form box despite being told by organisers a graph is acceptable. Graph currently in JPEG format - is there an acceptable file format or a way of uploading a graph to be submitted as part of the abstract? Thanks
2025-07-11,File / figure / PDF upload failures,Urgent help needed – change of e-mail address for Oxford Abstracts account,"Dear Oxford Abstracts Support Team, My name is Jaime Solís and I need your assistance to update the e-mail address linked to my account before the ESERA 2025 conference. Current situation • Current e-mail (expiring): [email] This institutional address will be deactivated in less than one month, which would cut me off from all ESERA 2025 notifications scheduled for August 2025. • New e-mail request"
2025-08-06,File / figure / PDF upload failures,Posters Uploading,Some authors are facing a problem to upload the poster after submitting the acknowledgment.
2025-08-07,File / figure / PDF upload failures,Oxford Abstract website builder,Why can't I upload images?
2025-08-13,File / figure / PDF upload failures,Abstract submission of paper,"can we increase the file upload size in abstract submission more than 10MB,I can't upload on behalf of a submitter as the paper is more than 10MB"
2025-08-21,File / figure / PDF upload failures,Error logging in,I created an account and logged in with LinkedIn I believe. Now when I try to enter the portal I get an error (please see attachment).
2025-08-26,File / figure / PDF upload failures,I can reach my account on Oxford abstracts. This morning there wasn’t any problem but now ,I uploaded the picture of the screen shot. Please let me know as soon as possible because I can’t get any information about the conference
2025-09-02,File / figure / PDF upload failures,Download author photos,"Hello, The majority of our authors have uploaded individual photos of themselves, as part of their abstract submission. How do I download a zip file of all uploaded photos, as originally submitted? I have downloaded the zip package Abstract Book, but wanted to know if I can access the photo files (jpg) directly? Please advise."
2025-09-03,File / figure / PDF upload failures,URGENT Need to download completed reviews,"I understand how to do this (and have done it) in the past. Know that we have decisions and I followed the OA instructions to allow Poster submitters to upload their posters --- the review has disappeared & everything is showing 0 instead of the 1-5 the reviewers input. Where can I find them? Please help we are at crunch time, Thank you."
2025-09-04,File / figure / PDF upload failures,Posters not appearing in poster gallery,"Event ID: 74582 Hi there, we are asking our poster presenters to upload their pdf poster to the poster gallery. I have reopened the submission form, and have a section for poster upload to the poster gallery selected. I know that one presenter has uploaded their pdf, but it is not showing in the poster gallery. Could you help?"
2025-09-16,File / figure / PDF upload failures,Inquiry about virtual poster presentation video upload,"We are about to send abstract acceptance emails and just wanted to confirm about abstract presentation video uploads during the poster uploads. Are there any specifications regarding video submissions, like size? Also, are YouTube and Vimeo the only video platforms supported?"
2025-09-25,File / figure / PDF upload failures,Unable to sign in,"Dear OA, I am having trouble signing in, with the same error message on all of my browsers. I have tried creating a new account and the same error appears. Can you please help me to sign into the platform? See error message attached. Best, Rayna"
2025-09-25,File / figure / PDF upload failures,Not being able to upload my poster pdf,500. Error Id: 22760508 at [phone]T01:28:12.437Z
2025-09-25,File / figure / PDF upload failures,Sign up error,"I wanted to submit my proposal to https://nhlrc.ucla.edu/nhlrc/article/288448 this website, and I could not make an account with Oxford Abstracts because there was an error message shown as attached. Please help me."
2025-11-19,File / figure / PDF upload failures,Issue With Reviewer Upload – Topics Not Assigning Correctly,"Hello, I’ve uploaded our reviewers list using the platform’s provided template. The file was successfully accepted, and the upload completed without errors. However, when reviewing the uploaded data, I noticed that several reviewers appear with no topics assigned, even though their topics were correctly included in the file. Given the large number of reviewers we work with, assigning topics manual"
2025-11-24,File / figure / PDF upload failures,Error when trying to enter second submission for ICNS 2026 conference,"Have uploaded my first submission for the ICNS 2026 conference. When trying to upload a second one, I get an error message. I get the same when going to the dashboard and trying to view the first submission (or earlier submissions to other conferences): Our engineers have been notified. Please contact the Oxford Abstracts support team and quote the error below for more information. {""path"":""https:"
2025-11-25,File / figure / PDF upload failures,Permissions Issues in Abstract Management,"Hi, We have two users with the same permissions but they get different views in the events. One can't see themes. Charlotte Hegertty can see themese but Zoe Large cant. I've attached a screen grab."
2025-12-05,File / figure / PDF upload failures,Submission platform for WCB not working,When I try to load on my submission platform to submit my abstract in WCB I have an error message (see pictures attached). Can you solve this issue so I can submit my abstract on time?
2025-12-18,File / figure / PDF upload failures,Forgotten attachment,"Dear IT, I have submitted an abstract for the 12th KJP 2026 conference, submission #28 but failed to attach the figure to the abstract. Is there any possibility of reopening the submission for editing?"
2026-01-08,File / figure / PDF upload failures,links in emails,On testing the Poster upload email and adding in the merge fields for the submitter link the link does not come through as a link
2026-01-27,File / figure / PDF upload failures,Exhibitor page: branding picture errors,"Hello there, I am setting up a test exhibitor page so that we can show our sponsors an example of how they may setup their pages. Upon trying to setup a test, I've run into an error. Each time I try to update the branding profile image and banner, I receive an error. I have tried uploading it as a png, sig, jpeg but all seem to provide the same error. I've also experimented with small file sizes a"
2026-01-27,File / figure / PDF upload failures,Sponsor session image,"I'm trying to upload a PNG or JPG file to a sponsor as a large session option, but I receive an error message (attached screenshot)."
2026-01-27,File / figure / PDF upload failures,Poster PDF upload,"We would like our excepted abstract submitters to upload their poster as a PDF. Is this possible and if so, where do I set this up?"
2026-02-05,File / figure / PDF upload failures,Error Message / Unresponsive System,"We are currently working with our committee in the Decisions table to select content for an upcoming event. During this process, several committee members and Event Admins have encountered frequent error messages (see attached screenshot). In addition, users have reported that the system is extremely slow and often unresponsive. To try to mitigate the issue, we instructed committee members to limi"
2026-02-09,File / figure / PDF upload failures,Unable to upload files,"Hello, we are getting errors when trying to upload a file in the 2026 CSDA Awards"
2026-02-09,File / figure / PDF upload failures,"URGENT: Submission file upload failure (Submission ID 1310090, deadline approaching)","Hello Oxford Abstracts Support, I am submitting a paper through your platform and I am encountering a file attachment issue that appears to be on the server side. Submission ID: 1310090 This problem began after I modified my paper and attempted to resubmit a revised version. The original submission worked previously. The stated deadline had been February 2nd but was later extended by email, and th"
2026-02-09,File / figure / PDF upload failures,Image Upload,"Hello, one of the submitting authors says that he is getting an error when trying to submit his figure for the abstract. What would be the next steps to help him upload his image/figure?"
2026-02-09,File / figure / PDF upload failures,Error download files,"When I try to download the File they are not found (field ""13. Revised upload for the proceedings"") Error message We couldn't find the file you tried to download. It may have expired. If this is unexpected, please contact Oxford Abstracts support."
2026-02-10,File / figure / PDF upload failures,File upload and download error for multiple submissions (BioEM 2026),"Dear Oxford Abstracts Support Team, We are experiencing an issue with manuscript uploads in the abstract submission system for BIO-EM 2026, reported by multiple authors. Issue description: After uploading a manuscript file, the system indicates that the upload was not completed successfully. When the author clicks “Submit,” a warning message appears. When attempting to use “Download uploaded file”"
2026-02-10,File / figure / PDF upload failures,Files Not Downloading,"Hello, I need to pull the poster files from my Individual School Selected stage. Each one I click on, it says ""file not found"". The poster uploads in my Peer-reviewed stage look to be showing so I'm not sure why the Individual School Selected ones are not. It's super important, if someone could please get back to me as soon as possible. Thank you!"
2026-02-10,File / figure / PDF upload failures,Unable to upload PDF document required for submission,When attempting to upload the required PDF and submit the form it is not allowing me to upload the PDF or is not having the PDF go through.
2026-02-16,File / figure / PDF upload failures,Error message downloading receipts and invoices,We are getting the error message attached when trying to download invoices and receipts. An example is attendee Thiago Cristiano Oliveira Carvalho. It is also affecting multiple other attendees registered around the same time but I don't know how many exactly as I did not click on every single attendee to check.
2026-02-16,File / figure / PDF upload failures,File Failed to Attach,"I uploaded my CV to submission 388, but it somehow did not go through when I submitted. My submission is now considered incomplete, but I cannot edit my submission. Is there a way I can edit my submission?"
2026-02-18,File / figure / PDF upload failures,Dashboard Error (on behalf of reviewer),"Hello, A member of our review team is getting the a ""GraphQL"" error (see attached screenshot), and is unable to access any abstracts. User's name is Misty Manning and her email address is [email] Thank you!"
2026-02-19,File / figure / PDF upload failures,URGENT! Bugs - auto assign reviewer,"Earlier this morning, I added more reviewers to the list and used auto assign abstracts, the max no. of abstracts per person is 29. Just now, I tried to look at it again, after selecting the same parameters as 29, it prompted that it's unable to proceed. Also I noticed the figures appeared in the welcome email to reviewers do not align with the max number of abstracts to review i.e. 29 (I have scr"
2026-02-22,File / figure / PDF upload failures,2026CSACSM - Picture Upload not working,"Hi, I am trying to upload some pictures/logos into the description section of the sessions in our program. When I select the picture I want, it shows up in the box in a greyed out square and then I click save and everything disappears. It also disappears if I click on anything within the box where I am trying to add the picture. Can someone assist with fixing this issue? Thanks, Krista"
2026-02-25,File / figure / PDF upload failures,RNA2026 / how does attendee upload student ID after initial registration is complete,RNA2026 / how does attendee upload student ID after initial registration is complete? Attendees buying the student/postdoc member ticket are asked to upload their student id while registering. several have not. how can they upload it after the fact? thank you.
2026-03-02,File / figure / PDF upload failures,ICNS 2026 – 403 Restricted access (Submission #38),"I’m an author on ICNS 2026 submission #38 (submission ID 1244525). When I sign in with my Oxford Abstracts account ([email]) and open the submission link, I receive “403 Restricted access,” so I cannot upload the camera-ready PDF or complete the IEEE copyright step. Lead/corresponding author: Professor Lance Sherry ([email]). Please grant my account access to manage/upload for submission #38 or ad"
2026-03-04,File / figure / PDF upload failures,Poster gallery appearing empty,"Hello, For our event I've set up the poster submission such that the poster collection question has 'Poster gallery upload (1 allowed per event)' ticked, yet no posters are appearing in our gallery. Our conference starts next week so I would appreciate a speedy response if possible! Best, Beth"
2026-03-26,File / figure / PDF upload failures,Can't upload graph,There is no option to upload my abstract graph on IAES website
2026-04-03,File / figure / PDF upload failures,Abstract submission,"I am trying to upload an abstract but there is an error message as soon as I click ""upload abstract"". The error message which shows: The submission form for this event could not be loaded Please see the message below for more information. If your believe there is an error please contact the Oxford Abstracts support team. Error parsing response: events is empty I have attached my abstract here, hop"
2026-04-03,File / figure / PDF upload failures,Error while trying to submit a paper,"I am trying to submit a paper for the European Social Science History Conference 2027. I click the link I received from the organiser of a session (this link: https://app.oxfordabstracts.com/auth?redirect=/stages/80252/submissions/new?behalf=false), but the platform shows me the error message in the attached screen. I am therefore readdresed to the dashboard, where I am unable to do anything."
2026-04-03,File / figure / PDF upload failures,Abstract Reviewer - No Dashboard is Available,"Hello, Umberto Ricardi ([email]) one the reviewers that we have for this event, got informed us that he is unable to access the dashboard. Attached you will find the print screen of the message shown in his screen when he clicks on the link. Is there anything we can recommend to him that may resolve this issue? Thank you for your help. Best regards, Ritzena"
2026-04-03,File / figure / PDF upload failures,"Pharmacology Futures 2026, BPS Abstract Submission Issue",I am unable to submit my abstract with the error message coming up reading: Error with upload please contact OxfordAbstracts.
2026-04-03,File / figure / PDF upload failures,Cannot upload my abstract,"Hello! I am trying to attach my abstract to a panel at the European Social Science History Conference 2027, but I get the message ""This form cannot be loaded"". I would like to understand if something is wrong on my side or if it is a broader issue. Thank you!"
2026-04-17,File / figure / PDF upload failures,Account Error,"I am trying to upload a poster to my submitted abstract. When I click the links to the page that were emailed to me (https://app.oxfordabstracts.com/stages/79298/submissions/1270169/form/view and https://app.oxfordabstracts.com/events/75785/submissions/1270169/abstract-book-view), I get the following error: 403 - unauthorised. Sorry you do not have permission to do this. Requested path: ""https://a"
2026-04-21,File / figure / PDF upload failures,Website Graphic Upload Issues,"When I try to upload an image for my conference website, it says it uploads but then the image does not show up. When I go to the website after selecting the image, I get the attached message saying it has failed to upload the file. Any help please?"
2026-04-24,File / figure / PDF upload failures,CVS template and instructions for creating email lists do not work,"We have carefully followed the instructions and used the given CSV template to upload an email list, but it still does not work. I am now trying to create email list for the certificate of attendances but I previously faced the same problem somewhere else. The error message is: Upload error Please upload a valid .csv file Could not read CSV: - Row 0: Unable to auto-detect delimiting character;defa"
2026-04-27,File / figure / PDF upload failures,Poster uploads,"Hi there, Is there a way for me to track who has uploaded their poster? I followed the support page to ensure that all submitters accepted for a poster presentation will be added to the poster gallery. Is there a field on the decision table that I can track who has uploaded their poster?"
2026-05-13,File / figure / PDF upload failures,Error ID 26527500,I am receiving the following error message (attached) when trying to assign chairs. It does not happen for all chairs. For example Eduardo Nobile Orazio for session SS16.
2026-05-14,File / figure / PDF upload failures,Linking submissions,"I would like the accepted conference presenters to upload their posters for the poster gallery. I read that presenters will need to upload their posters using the submission form. I'm editing our current submission form to make it relevant for poster uploads since we already used the form to collect abstract submissions. I realize that this will create new submissions, and the poster uploads will "
2026-05-20,File / figure / PDF upload failures,Question about poster gallery,Will the posters that are uploaded to the poster gallery be publicly available with a persistent DOI link after the conference?
2026-05-22,File / figure / PDF upload failures,download file names,"When I download a file that a submitter uploaded for review, I see the actual filename the submitter gave the file (example - the attached file for submission #111 shows to me as ""111QHuda-Plat-FP-Lightweight Computer Vision System-R3"" which is in keeping with the file naming convention we ask submitters to use and which helps a reviewer identify which revision/version it is), but a reviewer or se"
2026-06-11,File / figure / PDF upload failures,student posters - poster upload question,"In the Student Poster Accepted stage, I'm not seeing the ""poster upload"" option for the submission form. I see these options: Poster questions Poster keyword - dropdown Poster keywords - multi-dropdown Poster keywords - user selected Poster presentation link I do see the poster upload question in the Technical Poster Accepted stage. Is there a way to get it to show in both? We'd like Student and T"
2026-06-29,File / figure / PDF upload failures,Anonymising submissions for review,Many submissions we received are not suitable for a blind review. Many files that should be shared with reviewers contain authors' details. Can we edit these files and upload them back to the system? Or shall we ask the authors to re-submit? Will it be then a new submission or can they amend the current submission?
2026-06-30,File / figure / PDF upload failures,PDF upload after decision,Our accepted e-poster submitters are supposed to upload their e-Poster as PDF through their submission form. I created the upload link for this. The submitter of Abstract ID 44 told me they do not see the upload link when they go back to their submission. Can you please check whether I did everything correctly. Thank you
2026-07-13,File / figure / PDF upload failures,Asking for proof of ID during submission stage,"Hi, I am one of the admins for AsiaTEFL 2027 International Conference and I am currently trying to configure our event's abstract submission form. I understand that under the ""Presenters and affiliation"" section, I can add custom questions for individual presenters who declare that they are presenting. For my event, we plan to offer concession fees to presenters who qualify for them. We are requir"
2025-05-01,"File / figure / PDF upload failures, Presentation upload by presenters",Trouble uploading my presentation for IASTE 2025,See attachment
2025-05-01,"File / figure / PDF upload failures, Presentation upload by presenters",Having trouble uploading presentation,"Apparently, I registered under [email], but submitted my abstract, etc. under [email] I can't seem to be able to upload my presentation under the latter. Can you help?"
2025-08-15,"File / figure / PDF upload failures, Presentation upload by presenters",Presentation Upload - File Size,"Hello, I have opened the presentation upload for the Futurescan 6 conference. I can see that the form as the maximum file size for upload as 10MB. This is a fashion and textiles conference and so presentations are likely to be larger than this. Is it possible to increase the file size upload capacity? Thank you, Helena"
2025-09-25,"File / figure / PDF upload failures, Presentation upload by presenters",Cannot upload my presentation b/c my login isn't working.,Cannot upload my presentation b/c my login isn't working.
2025-10-29,"File / figure / PDF upload failures, Presentation upload by presenters",URGENT Unable to Upload E-Presentation,"My abstract has been accepted for East Kent Surgical Conference (EKSC) 2025. However, I’m experiencing an issue uploading my e-presentation to the Oxford Abstracts platform. The “Edit” button doesn’t allow me to make any changes and is greyed out. The error code reads ""edits are disabled for this submission"". I have attempted to make changes on both Chrome and Safari browsers with no luck. Could y"
2026-03-17,"File / figure / PDF upload failures, Presentation upload by presenters",IARIW - Uploading Presentation Files,"Hi there, I am trying to add a question to my Submission Form to have presenters upload files...I followed the instructions on Co-Pilot and I'm stuck here: ""You'll now be viewing your submission form. Please scroll to the bottom to where it says Upload File."" There's no Upload File option - can you help?"
2026-04-19,"File / figure / PDF upload failures, Presentation upload by presenters",Ida,"I registered my email address and password at the Oxford Abstracts site for the Optional Upload Information – Awards: https://app.oxfordabstracts.com/stages/77817/submitter However, after logging in, the following message appears on the screen: “Sorry, new submissions are currently closed for this event.” As a result, I am unable to upload my presentation file for awards consideration. I believe t"
2026-07-22,"File / figure / PDF upload failures, Visa / letters of invitation",Visa & Master link error,I received error (as screenshot attached) when clicked on the visa & master payment option.
2025-12-04,Manually registering an attendee,Manually register an attendee,Good morning! Is there a way I can manually register an attendee? Thank you!
2026-04-06,Manually registering an attendee,How to add attendees to Oxford Asbtracts,"Hi! We used our own registration system. Now all of our attendees are registered and I need to import this info into OxfordAbstracts. How can I do this? Thanks, Sophie Astrof"
2025-03-06,Presentation upload by presenters,Uploading powerpoint slides,We want to create a repository for powerpoint slides for our conference sessions - is this function contained within the Oxford Abstracts platform.
2025-03-31,Presentation upload by presenters,I could not upload my oral presentation slide (#118),"please, put my slide to the appropriate location. I'll upload from here. ""#118, IL-7 Receptor Marks All Embryo-derived Mast Cells"""
2025-05-20,Presentation upload by presenters,"Not able to up[load my presentation for the IPEG 2025 at Kagoshoima, Japan",I am registered for the IPEG 2025 at Kagoshima and not able to upload my presentation in the link provided below
2025-08-19,Presentation upload by presenters,Uploading presentation,"I have a role as reviewer and I need to upload my presentation, I folowed the instruction by entering another email adress but didn,t work. Attached my presentation. How do I solved this? the deadline is today at midnight. my user email is [email]"
2025-08-19,Presentation upload by presenters,Uploading presentation,I am both a administrator (with my account [email]) and a user ([email]) however I am not able to upload my presentation in any way. Could you do that for me? Is in the attachment now.
2025-09-05,Presentation upload by presenters,Presentation Upload - Incomplete Submission,"Hello, I have received emails from delegages that the presentation upload stage is showing as incomplete submission. I've tried to change all of the information required to optional so that submitters don't get this message but that hasn't seem to fix it. Please can you look. Thanks,"
2025-09-23,Presentation upload by presenters,Downloading uploaded presentations,"I have once been able to download all speakers uploaded presentations, a most usefull feature. Today, however, it seems like I only have en option to upload files... I know that a number of more files have been oploaded, and hopefully a good number of presentations have been updated on my request. Now, it would be most helpful to download all again, for review purpose, and finally during the confe"
2025-10-06,Presentation upload by presenters,Downloading uploaded presentation #459,"One uploaded Presentation file, #459, in event /73457/ cannot be downloaded, seemingly also blocking the: Question response folders Upload your PowerPoint presentation file. NEED help, since we are in the middle of our event...."
2026-01-05,Presentation upload by presenters,presenters uploading slide deck to their session,presenters would like to upload slides for their presentations but we think that feature is locked and we cannot unlock it----page just spins :-(
2026-04-30,Presentation upload by presenters,panelists uploading PowerPoints,"We have 15 panels, each of which will have 2-5 panelists. We want each panelist to have the option to upload their PowerPoint slides for review and ultimately for viewing on the website and app. What is the best way to do this, since they are in Oxford as part of each panel rather than as a primary author."
2026-07-07,Presentation upload by presenters,Uploading multiple files per paper,"Hi there, is there a way to upload multiple files per paper in Oxford? We're asking attendees to upload their presentations but also want to have presenters upload their full papers and have both files appear in the online program. Thank you!"
2025-01-15,Refunds & cancellations,"Cancel tickets ""purchased"" during testing","For event 74169, our team did testing of registration to understand the users experience. 3 people purchased tickets with their credit card to see the financial flow. I have been able to refund their tickets. All others were discounted to FREE using a code. It won't give me a refund choice once I open the free tickets. Likely because there was no charge. However, my goal is to get the number of te"
2025-03-10,Refunds & cancellations,Final invoice needed,"Greetings! I would like to request our per-registrant invoice. We had a total of 1846 registrants, not including 67 registrants who were completely refunded. We also had 19 test registrations that were refunded, which we assume will not be included in the final bill. Please send the final invoice to [email], and let me know if there are any questions. Thanks! Tandy Pietro, Director of Operations"
2025-05-01,Refunds & cancellations,Discount code application,"A couple of or registrants were supposed to register with a discount code, however they claim they did not receive our email with the code they could use. They have now registered and paid for the event. Is there a possibility to add the discount code to their registration and then refund the difference (so that I don't have to keep a separate spreadsheet for tracking those changes)?. Thanks, Melv"
2025-05-06,Refunds & cancellations,Apply coupon to someone already registered (refund but still attend),How can I refund a paid amount but not cancel their attendance/ticket? Our event is 74169 and we are using Stripe for payments. Faculty is entitled to one free registration ticket. I have used and understand how to refund a delegate -- but that process also CANCELS their ticket (and thus registration) as part of the refund process. What I need example: John Doe registered as a delegate in January 
2025-05-13,Refunds & cancellations,Refunds,I just refunded a registrant in Auth.net. How can I show him as refunded in the registration list without issuing a second refund?
2025-05-14,Refunds & cancellations,Refunds,"I figured out the David Chong refund. It's fine now. I was afraid that since I did it via Auth.net first, going through the process in Oxford would send a second refund. System is too smart for that! Sorry. Catherine"
2025-05-14,Refunds & cancellations,Canceled registrant,"I am still seeing David Chong on the Registration list as paid. I refunded his fee through Authorize.Net a few days ago. How can I convert him to ""Refunded""?"
2025-05-19,Refunds & cancellations,Purchased wrong ticket,"Good afternoon, I have a purchased the wrong ticket to attend the conference. I purchased the DFP Member/Presenter (as I am both) at £100, however I am also a trainee forensic psychologist, which means I qualify for the Concession ticket at £42.00. Can you please swap this ticket for me and refund me the difference? I am attending through work and so i need the correct ticket. Many thanks, Ashley "
2025-06-10,Refunds & cancellations,Transactions,"Hi We are finalizing our conference and would like to know how much money we have raised. The question is whether the gross total on the transaction page includes refunds and OA 2.5% charges, or whether these need to be subtracted from the gross total to determine the final income amount? Thanks Andy"
2025-07-04,Refunds & cancellations,Attendance,Unable to attend the conference and want to know about refund policies.
2025-07-12,Refunds & cancellations,Refund Request for Recently Purchased Multi-Stage Add-on,"Dear Oxford Abstracts Support Team, We subscribed to the Multi-Stage Add-on for our Oxford Abstracts account approximately one hour ago. However, after a prompt reassessment of our event needs, we have realized that this feature is not required for our upcoming event. As the add-on was purchased very recently and has not been used, we would like to kindly request a cancellation and full refund of "
2025-10-13,Refunds & cancellations,Certificates,"Dear Sir/Madam, Greetings. We have been using Oxford Abstracts successfully for the past three years for our virtual conference on chemistry. For the last conference, we opted to pay for the certificates feature. However, we were not able to use it mainly because of the formatting issues. For example, including the title of the presentation on the certificate is very important to our participants "
2025-10-20,Refunds & cancellations,Symposium for Scholarship of Teaching and Learning 2025,"Hello, I am reaching out from Toronto Metropolitan University. An employee of ours, Dr. Eugene Chan, has submitted an Oxford Abstracts receipt (#1AB9D/2) for reimbursement and I would like to confirm 1) the amount of the transaction 2) the date of the transaction and 3) that the registration was not refunded. I can provide a copy of the receipt if required. Is there someone that can assist me with"
2025-11-11,Refunds & cancellations,question about fee refund,"I'm setting up tickets for my next symposium, and as these tickets are expensive, i wanted to check how fees and refunds work. I know that you won't refund the oxford abstract fee if we refund someone on stripe, but if we select to absorb ticket fees, the full amount is refunded, including the ticket fees to the buyer. If we select to pass on the fees, if someone asks for a refund will stripe only"
2025-12-08,Refunds & cancellations,Assistance needed with payment error and refund,"Hi, our office manager mistakenly processed the payment even though it hadn’t been officially approved. She mentioned that we need to work with the vendor to request a refund. Since we have to purchase this service through a different method, would you be able to assist us with this? Sorry for the inconvenience."
2025-12-24,Refunds & cancellations,Registration question,We have an attendee who registered once on OA but our Stripe account was processed twice with OA's processing fee on both. How do we resolve that? another question is how do i cancel a registration if the registration fee was already refunded from Stripe.
2026-01-14,Refunds & cancellations,Ticket refund,"Dear OA Support, I am reaching out with a question regarding a refund of a portion of the fee. According to our cancellation policy, we reimburse 50% of the registration fee if the participant cancels before a specified date. My question is how I should edit a participant's registration if we reimburse only 50% of the registration fee, not the full amount. Your answer and assistance are appreciate"
2026-01-21,Refunds & cancellations,FF208 Festival of Psychology,I don't appear to have received a refund for a double booking - for the above conference made for Sarah Olaluyi - I've attached a copy of an email from Oxford Abstracts confirming a refund has been made - could you tell me the last 4 digits of the card that was refunded please so that I can trace it?
2026-01-22,Refunds & cancellations,Discount Code,A delegate did not use the discount code provided by us and paid the full conference fee. Karen Bemister paid $380 but she should only have paid $65 for the Evening Social as the full conference is free to her with the discount code. How do I refund her the $315 overpayment? Thanks!
2026-01-23,Refunds & cancellations,Refund Issues,Refunds are showing incorrectly. Attached is an example where a person received a $30 refund but it is showing they were refunded $470
2026-02-02,Refunds & cancellations,URGENT: Need help refunding payments linked to wrong Stripe Account!,"We carried this conference over from an earlier one, and opened registrations earlier today (2 Feb). The Stripe account was still linked to the older company. The system took £7k in payments before we realised this. I unlinked the old Stripe account and linked our new one, but now I realise I may not be able to refund the original registrations through Oxford Abstracts, if the old Stripe account i"
2026-02-11,Refunds & cancellations,Urgent: Immediate Update Required on Outstanding Issues,"Hello, This is now our third attempt to receive a response regarding the ongoing system failures and our refund request. We have received no acknowledgement, no status update, and no timeline for resolution. Meanwhile, our submitters continue to experience access issues, and essential functions remain non-operational. This situation is actively impacting our organization and the participants we se"
2026-02-23,Refunds & cancellations,Refund Discrepancies,"Refunds are not showing correctly. As you can see on the attached photo, the refund was for $55 and the refund amount showing is $500"
2026-02-26,Refunds & cancellations,Help with refunding order,"I'm attempting to refund 2 registrants -- Talley Gettemy and Noah Deleon, who paid via an offline invoice, but the system will not let me."
2026-03-02,Refunds & cancellations,Urgent: Immediate Update Required on Outstanding Issues,"Once again, I have not received an update about this support ticket. Please respond immediately. Hello Conor, I have not received an update on any of the outstanding issues since your last email on February 16th. Please provide an update immediately. Best regards, Channah Channah Tabor BK Association Management, LLC 12627 San Jose Blvd., Suite 202 Jacksonville, FL 32223 Office: [phone] Email: [ema"
2026-03-10,Refunds & cancellations,Partial refunds,"Our conference refund policy includes a €20 admin fee. I see I could implement this in OA by creating an ""admin fee"" ticket and allocating them to that, refunding the difference. Is there any other way of giving partial refunds? Thanks, Michael."
2026-03-11,Refunds & cancellations,Duplicate fee recorded strangely,"A registrant reported this: I am writing regarding an issue I encountered during the registration and payment process. When I first attempted to register and pay the £275 conference fee, the website indicated that the registration was not completed. Following the message, I closed the process and restarted the registration, entering the payment details again. The second attempt went through succes"
2026-03-19,Refunds & cancellations,Is it possible to cancel our Professional account we just paid for and get a refund?,"We have now also a virtual platform and this adds too much complications for me, I would like to pursue canceling this Oxford Abstracts system if we can get a full refund, we just paid by wire transfer yesterday the $3190, I have 2 other meetings in Oxford Abstracts but those do not need a virtual platform and I love the system but now I have to have 3 different systems for this meeting so it will"
2026-05-08,Refunds & cancellations,Refund stuck being processed,Hi there. I am midway through processing a refund and i get a spinning wheel of death. I'm hesitant to cancel this in case the transaction is processed. How long should a refund normally take to process?
2026-05-16,Refunds & cancellations,RNA 2026 / how to cancel a registration without a refund?,"RNA 2026 / how to cancel a registration without a refund? Order ref # 0A758. I need to can cancel his tickets and NO REFUND - yet OA says ""pending refund"". Thank you."
2026-06-23,Refunds & cancellations,"Full Conference (including gala dinner) - students, unwaged, retired","This ticket to the UKLA 2026 International Conference is for students, retired or unwaged delegates only. This delegate made another booking which has paid for but she hasn't paid for this booking in our registrations page so it is showing up as pending. Is there a way for us to cancel this registration without it causing issues in our income reporting? the delegate has already made another bookin"
2026-07-01,Refunds & cancellations,Cancel order,"Hello, I am experiencing an issue with my invoice download. I attended the EPSS 2026 conference and purchased an add-on ticket. However, due to an error, another ticket was added to my shopping cart, which I cannot remove. I have not received a receipt for this second ticket, nor have I used it. I now have a pending payment, which is preventing me from downloading my invoice. Could you please canc"
2025-02-09,Reviewers cannot see assigned reviews,Can't access reviewer dashboard,Can't access reviewer dashboard
2025-02-14,Reviewers cannot see assigned reviews,Reviewers can't see assigned submissions,"Hi, I seem to be having a problem where some reviewers can't view their assigned submissions. It's odd, as when I choose 'view as reviewer' I can see them fine and it all looks good. I'm not sure if it is a problem because some reviewers have also submitted papers? or what it is. For example, user Claude Lynch - [email] - he's submitted a paper. I've assigned him 5 papers to review and he received"
2025-03-03,Reviewers cannot see assigned reviews,Can't access reviews,I am a reviewer for AECT25. I can't access the reviews that I am suppossed to do. I've contacted AECT but have not heard back yet.
2025-03-13,Reviewers cannot see assigned reviews,reviewer having access issues,"Hi - I have a reviewer who is panicking because he cannot access his assigned abstracts to review. I plan to set up a zoom meeting with him today to troubleshoot (he is not tech savvy), but if I cannot figure it out, would someone at OA be able to walk him through it?"
2025-04-26,Reviewers cannot see assigned reviews,Assigning abstracts to ONE reviewer,"I have added one more reviewer, but I cannot find how to assign abstracts in two specific categories. All other reviewers are assigned their abstracts now."
2025-05-09,Reviewers cannot see assigned reviews,editing the reviewer names and registration the reviewer on their behalf,"Dear Sir, I can not edit the reviewers name in the reviewer list and I can not register the reviewer on their behalf ... would you help me to overcome this problem ? Yours"
2025-05-29,Reviewers cannot see assigned reviews,Reviewer asignment,"Kia ora ICUH team, I'm a reviewer for ICUH abstract submissions and have received an email stating I have been assigned 6 abstracts for review (for now). However, when I log into the system, it says that there are no reviews assigned to me. Could you please advise how to proceed with the review process? Thank you, Mirjam"
2025-06-03,Reviewers cannot see assigned reviews,Registering Reviewers and Accessing Abstracts,These reviewers are unable to access their abstracts to review even when they are logged in using the assigned email address. It says they are unregistered despite being logged in. Can you please help them access the abstracts for review?
2025-07-01,Reviewers cannot see assigned reviews,reviewer feedback,"Hi! The authors tell me they can't see the reviewers' comments. I've checked the settings, but everything seems to be fine. Can you help me?"
2025-07-09,Reviewers cannot see assigned reviews,Issue with Assigning Reviews,"When I go to assign reviewers to submissions, it is automatically creating those reviews and marking them as complete so that the reviewers are not seeing the assignments and the authors are seeing blank reviews."
2025-07-17,Reviewers cannot see assigned reviews,Reviewer Unable to View Assigned Abstracts – Susan Torrey ([email]),"One of our reviewers, Dr. Susan Torrey ([email]), is experiencing issues accessing her assigned reviews within the Oxford Abstracts platform for the 26th Texas Children’s Global Health Network Meeting (NWM2025). She is unable to view the abstracts assigned to her, despite being logged into the correct account. Could you please investigate and advise how we can resolve this issue so that she can ac"
2025-10-08,Reviewers cannot see assigned reviews,Inability to add abstract reviewers,"Hi, I cannot add reviewers to review the abstract forms that will be submitted. I have the csv file in proper structure, but I cannot even click on the button where I would insert said file. What should I do? It has worked previously but no longer"
2025-10-22,Reviewers cannot see assigned reviews,Abstract Reviewer - No reviews Assigned,"Hi, I have a reviewer who contacted me and claimed that when she enters the platform, she gets the following email message: ‘You have not been assigned to any reviews for this event.’ We have already check that she is logging into her account with the same email address that she has been assigned for the reviews. I also noticed that in the ‘Manage Reviewers’ tab next to her name there a parenthesi"
2025-11-06,Reviewers cannot see assigned reviews,Reviewer cannot see her assignments,"One of our reviewers cannot see her assignments on her dashboard. She is logged in with the correct email address (which was registered with OA for another program earlier this year) and I can see in my view that she has 9 reviews to complete. I have screenshots, but I cannot send them in this ticket."
2025-11-26,Reviewers cannot see assigned reviews,Abstract Reviewer - No reviews Assigned,"Hello, We have received a query from reviewer Mark Warren ([email]), who reports that when he logs into the platform, no abstracts appear to be assigned to him. I have confirmed that he is signing in with the correct email address, and in the Reviewers tab it shows that he does have a topic assigned. However, these assignments are not visible to him on his side. Could you please investigate this a"
2025-12-03,Reviewers cannot see assigned reviews,Abstract Reviewer - No reviews Assigned,"Hi team, We have been contacted by the reviewer [email] , who reported that the system initially informed him that his email address was invalid and that he was unable to request a password reset. He later reached out again and confirmed that he is using Chrome as his browser. When attempting to log in, he now receives a message stating that no reviews have been assigned to him for the event. Coul"
2025-12-05,Reviewers cannot see assigned reviews,Reviewer can't see papers,"One of our reviewers has informed us she can't access her papers, she's getting a 500 error. Reviewer is Miranda Newbery [email]"
2026-01-21,Reviewers cannot see assigned reviews,Reviewers not seeing assignments,"Hello! I have a number of reviewers contacting me this week, saying that they can't see any review assignments. This is despite receiving confirmation through an email from the platform that pulls in the number of review assignments. When they click on the link within the email or log in on their own, they are informed they have no pending reviews. I have told them to clear their history and their"
2026-03-11,Reviewers cannot see assigned reviews,Committee Member Access,"Good morning. We have set up the committee members so that they can access/review/edit reviewer assignments. However, one member let us know that: ""I noticed that there was nothing in the Reviews by reviewers tab, so I cannot see any reviewers when I tried to adjust the reviewers in the Reviews by submission tab, as shown below."" She sent a screenshot attached here. Did we miss a step in assigning"
2026-03-25,Reviewers cannot see assigned reviews,Error in assigning submissions,"Hello, It seems like I am missing out on one step to allow reviewers to review the submissions. When they try to log in, they get a message that there is no review assigned. I do not understand what I missed. Can you please have a look? Thakn you. Best, Olga"
2026-04-02,Reviewers cannot see assigned reviews,Accepting to review a submission on submission level,"Dear staff, We have now finished the submission phase for our conference and are planning to start the review process. We know how to assign papers to reviewers, but still don't find how to make a reviewer to first accept to review an individual paper before reviewing, as we want to keep track of who's effectively reviewing the papers that are assigned to him or her. It needs to be a two-step flow"
2026-04-10,Reviewers cannot see assigned reviews,Jim Morrow - access to assigned reviews,"One of our reviewers ([email]) is not able to see his assigned reviews when he logs into Oxford. Do you know what could cause this? I tried logging in as him and am having the same problem. I think I gave him admin access early on so he could complete some work for our planning process, so could it be that we need to remove admin access so he sees what other reviewers see when he logs in? Thanks!"
2026-04-15,Reviewers cannot see assigned reviews,Reviewer Assignment,Cannot perform reviewer assignment. I need a meeting please.
2026-04-23,Reviewers cannot see assigned reviews,reviewers unable to see assigned submissions,"reviewers are unable to see assigned submissions eventhough system was working previously and 3 reviewers completed, reassigned done as per videos but still not working"
2026-04-30,Reviewers cannot see assigned reviews,Reviewer can't see titles,"The reviewers cannot see any abstract titles, just the ID numbers and randomly abstract 20 is allowing it. Could you help please. Thanks"
2026-06-25,Reviewers cannot see assigned reviews,Accidentaly Unassigned Reviewers,"When attempting to modify the reviewers of abstracts, I accidentally unassigned a number of reviewers from their completed reviews. I can now no longer find which reviews were attached to which reviewers."
2025-02-05,SSO / institutional login,OA working alongside ReadyMembership,"Hi - my client SBNS is using OA in conjuction with ReadyMembership and I've set up a prototype page with an iFrame pulling in the programme from OA. We'll need to set up an SSO as the iFrame is pulling in the log in page right now. I also don't know which links to include in some of our call-to-actions, like 'Submit abstract' for example. Thanks, Jess"
2025-10-23,SSO / institutional login,WCBP 2026,"Hi, A submitter emailed this in, can you look into this? I'm trying to access the submission form;I just tried again with the same result. From the link, I get to the sign in for Oxford Abstracts. When I enter my email, what comes up is ""This account was registered using one of our single sign on providers. Use the button below to sign in:"" Then it has the ""Continue with CASSS"" button. That button"
2025-12-01,SSO / institutional login,Can't use SSO to sign in,"The Google SSO is not letting me sign in, and I need to launch my submission portals today! See error message from Google: The OAuth client was not found. If you are a developer of this app, see error details. Error 401: invalid_client"
2026-01-09,SSO / institutional login,SSO Account Email Change Request – Record Preservation,"Dear Oxford Abstracts Support Team, I am writing to request assistance with updating the email address associated with my Oxford Abstracts account while preserving all existing records and submissions. I originally created and accessed my account using Google Sign-In (SSO) with my institutional email address ([email]). Due to continuing my career at UAlbany this year, I will no longer have access "
2026-01-09,SSO / institutional login,SSO Account Email Change Request – Record Preservation,"Dear Oxford Abstracts Support Team, I am writing to request assistance with updating the email address associated with my Oxford Abstracts account while preserving all existing records and submissions. I originally created and accessed my account using Google Sign-In (SSO) with my institutional email address ([email]). Due to continuing my career at UAlbany this year, I will no longer have access "
2026-02-13,SSO / institutional login,Change Login data,"I created an account using a SSO, but would like to change it to my work e mail. Can you help me with that? If i try it, it says 'Failed to save email. SSO user - no password'"
2026-03-23,SSO / institutional login,SSO Preventing Change in Email,"I have a reviewer who is trying to change their email address and when we instructed them with steps to doing so, they responded ""When I tried this method, it told me that I can not switch the email address because I used Single Sign On (SSO) to set up my Oxford Abstracts account."" Can you provide some context to why this error occurred and how we can change the reviewer's email?"
2026-07-21,SSO / institutional login,OSU Single Sign On,"We hade Oxford Abstracts configured to use OSU’s SSO, and it still looks like it is configured for a past event: https://app.oxfordabstracts.com/events/2972/app/. Our events team has a new event created that we’d also like to use our SSO for this year’s event: https://app.oxfordabstracts.com/auth?redirect=/stages/82489/submitter Is that something you can help us with? I’m in an IT role for the OSU"
2025-03-21,Ticket limits / restricting purchases,Limit to 1 ticket per person (regardless of ticket/group types),"I have set up two ticket types for my event (ECR or established scientists), the option on each ticket is to limit to 1 per person. However, 1 of each ticket type can be selected when registering. How can I set the event so that only a single ticket can be added (regardless of ticket type)? Also, can we change the terminology from ticket to registration on our page?"
2025-08-27,Ticket limits / restricting purchases,tickets,"Is there any possibility that i can limit user to a limit of one ticket purchase. Like if someone buys ticket A they can not buy ticket B. Cause all my tickets will be free, i want as many people as possible to have the chance to attend our workshops"
2026-01-05,Ticket limits / restricting purchases,One ticket per registration,"Hi, How can I ensure that an attendee only purchases one ticket per registration. At the moment they could purchase one per ticket type."
2025-10-03,Unwanted / repeated emails,Emailing both authors and submitters at the same time.,"I want to email submitter and also all authors. I usually email via the button on the tables panel rather than the email panel itself. As far as I know, there is no button to email both submitters and authors? I could technically try to send twice to each, but submitters who are also authors would get duplicate emails. There are indeed cases where the submitter email is not one of the author email"
2026-04-26,Unwanted / repeated emails,Changing submission email,"I have an individual who submitted an abstract under one email, then stopped using that email. I managed to track them down, but they are now using a different email. I was able to change the email under presenting author, but I can't see if I'm able to change it for the submission. How would they sign in to the account and change the email associated with that submission? I assume they have to si"
2025-05-15,"Unwanted / repeated emails, Presentation upload by presenters",daily repeating emails,"Hi I have received an email from [email] telling me that I have been accepted for an oral presentation at space and communications week 2025. It also includes details on how to upload my presentation. This is in principle fine. However, I have received this same email every day this week. So far as I can tell, the email contains nothing I need to action. How do I make the emails stop? Thanks Camer"
2025-02-03,Visa / letters of invitation,Invoice Payment,"I have tried to pay the invoice a number of times over the last week. I get an error message every time saying ""too many card attempts"" - this comes even after the first try. Is there another link that I can be sent to pay this by Visa? Thanks."
2025-06-06,Visa / letters of invitation,Update of offline invoice collection card details,I need to update my billing information for abstract/registration fees as the Visa card number has expired and needs to be updated.
2025-08-19,Visa / letters of invitation,filtering abstracts by country,Hi I cannot find a way to add an affiliation/country column to the tables of accepted and submitted abstracts. This is very important as we are having trouble manually clicking through all the submissions for individuals who need visa support.
2025-08-26,Visa / letters of invitation,Invitation letter to reviewers of papers submitted to EFMA 2026,Invitation letter to reviewers of papers submitted to EFMA 2026
2025-11-04,Visa / letters of invitation,Interested in Multi-stage management OA add on,"We are organizing WCUR 2027 in January 2027, I would like to find out if the system can issue visa letters and acceptance letters, certificates of participation and for how long do we have access to the system if we start the contract in March 2026? Can you please respond and would be grateful if I can meet with a representative from OA"
2026-02-12,Visa / letters of invitation,"Problem setting up Stripe, or payment via card.","Hello, I'm trying to set up ticketing for our conference. Our organisation has no creditcard to collect fees. I understood we can use in our case , (Europeans without organisation creditcard) Paypal and Stripe to sell tickets. We set up both accounts. Paypal is working. But Stripe, even though it says it is connected, does not seem to work: I cannot buy a test ticket (set up for 0,01 Euro) via Vis"
2026-03-10,Visa / letters of invitation,VISA,Can this system automatically generate letters for attendees who require a visa?
2026-04-10,Visa / letters of invitation,Review/Acceptance,"I have a cohort of submitters who require a visa to attend the conference. We are reviewing their submissions first and want to notify them of the decision. When I review the remaining submissions, how can I send an acceptance email which is not send again to the visa cohort?"
2026-04-23,Visa / letters of invitation,CEF 2026 / EVENT TITLE not merging in emails from registration table,CEF 2026 / EVENT TITLE not merging in two emails from registration table. This is happening in two invitation letters. See attached. Please advise.
2026-07-29,Visa / letters of invitation,Automated visa support letter?,"Hello, I am wondering if you have an option to autogenerate a visa support letter based on information gathered from registrants? I have added the question whether the registrant needs a visa support letter then I have added dependent questions if they answer yes, including passport number, expiry, country, names as it is on passport and who is paying for their travel. I would like the system to a"
2025-02-09,Wrong or duplicate account used,Abstracts for review,"Dear Sir, I have signed in using a different e mail id by mistake, due to which I am not able to access the abstracts. Please correct my mistake and assign one mail id for reviewing the abstracts. Regards, Dr. Shipra"
2025-09-10,Wrong or duplicate account used,Poster submission error,"An abstract submitted by my colleague was accepted for a poster presentation at the upcoming UKSF. Both me and him are authors. However he is not able to attend and present and thus I am going to be the presenter, and I have also registered for the event. I have previously alert the admin of UKSF and they have also confirmed this swap. I have got a separate mail regarding submission When I log int"
2026-01-09,Wrong or duplicate account used,Delete second account,"I would like to delete one of my accounts, as my professional email will no longer be valid from May 2025. I would like to keep the account under the name [email] but delete the one on [email] Due to an old registration the website will not let me delete it myself."
